customer_id,customer_name,email,registration_date,customer_type,is_duplicate
1,Allison Hill,donaldgarcia@example.net,2026-04-12,REGULAR,False
2,Javier Johnson,jesseguzman@example.net,2024-03-13,REGULAR,False
3,Kimberly Robinson,lisa02@example.net,2024-11-14,PREMIUM,False
4,Daniel Gallagher,daviscolin@example.com,2025-05-31,REGULAR,False
5,Monica Herrera,smiller@example.net,2025-06-16,REGULAR,False
6,Laura Bush,stanleykendra@example.org,2026-03-03,REGULAR,False
7,Jamie Chavez,francisco53@example.net,2024-05-27,REGULAR,False
8,Maria Lynch,amandasanchez@example.com,2024-09-27,REGULAR,False
9,Margaret Hawkins DDS,perezantonio@example.com,2024-10-21,REGULAR,False
10,Thomas Bradley,jason76@example.net,2024-12-23,REGULAR,False
11,David Hoffman,julie69@example.com,2024-09-08,PREMIUM,False
12,Brenda Snyder PhD,hernandezernest@example.net,2024-11-13,REGULAR,False
13,James Ferrell,tasha01@example.net,2026-04-04,REGULAR,False
14,Patricia Peterson,ryan70@example.net,2026-03-25,REGULAR,False
15,Jonathan White,harrellkenneth@example.net,2025-02-15,PREMIUM,False
16,James Martin,georgetracy@example.org,2026-05-23,PREMIUM,False
17,Sandra Parker,allenashley@example.org,2023-11-10,VIP,False
18,Mr. Philip Cannon,donnaarroyo@example.org,2024-05-25,REGULAR,False
19,Jenny Lewis,jenniferross@example.net,2025-07-21,PREMIUM,False
20,Joseph Martinez,calebsmith@example.net,2024-04-17,REGULAR,False
21,Benjamin Welch,carlosjohnson@example.com,2023-10-25,REGULAR,False
22,Michael Lewis,jenniferkhan@example.net,2025-01-08,REGULAR,False
23,Rhonda Lee,hopkinsmichael@example.com,2025-01-01,REGULAR,False
24,Megan Joyce,brownjessica@example.org,2024-05-07,REGULAR,False
25,Jerry Henderson,steven17@example.net,2023-11-24,REGULAR,False
26,Kimberly Smith,housemelinda@example.org,2024-10-27,REGULAR,False
27,Dr. Steven Martin,gallowayjoseph@example.com,2024-06-16,VIP,False
28,Monica Logan,smoore@example.org,2026-07-05,PREMIUM,False
29,Kimberly Adkins,williamsthomas@example.net,2024-01-28,PREMIUM,False
30,Angela Lopez,leonardjoe@example.org,2026-06-05,REGULAR,False
31,Lauren Williams,barnesbrandy@example.net,2024-07-20,PREMIUM,False
32,Michael Edwards,randy47@example.com,2026-05-23,PREMIUM,False
33,Alexandra Howell,jonesjason@example.com,2024-01-01,PREMIUM,False
34,Benjamin Sanchez,eric84@example.net,2026-07-22,REGULAR,False
35,Kendra Contreras,sarah12@example.com,2023-12-13,REGULAR,False
36,Juan Nelson,jenniferharris@example.net,2026-02-28,VIP,False
37,Danielle Odonnell,davisrodney@example.com,2023-09-26,REGULAR,False
38,Carlos Whitney,joycearnold@example.com,2025-04-14,REGULAR,False
39,Tony Vazquez,amydavenport@example.net,2025-04-05,REGULAR,False
40,Andrew Diaz,nolanjason@example.org,2025-08-08,REGULAR,False
41,Justin Baxter,sarayoung@example.org,2026-07-13,REGULAR,False
42,Sierra Johnson,kimberly63@example.com,2024-01-30,PREMIUM,False
43,Janet Williams,dwalker@example.com,2024-07-08,REGULAR,False
44,Crystal Johnson,raymondramirez@example.org,2026-07-03,REGULAR,False
45,Martin Ross,sheila14@example.org,2025-05-06,REGULAR,False
46,Mrs. Linda Reed,samuel81@example.com,2026-04-20,PREMIUM,False
47,Andrew Graham,michaeljones@example.net,2026-05-14,REGULAR,False
48,Mary Martinez,william65@example.com,2025-09-11,REGULAR,False
49,Cheryl Ortega,lbyrd@example.net,2025-04-23,REGULAR,False
50,Roy Torres,russellcarpenter@example.net,2024-07-27,PREMIUM,False
51,Michael Dixon,michael.dixon,2025-12-25,PREMIUM,False
52,Nancy Hopkins,zachary95@example.org,2026-01-21,REGULAR,False
53,Megan Walker,dylanwilliams@example.com,2025-06-08,REGULAR,False
54,Joy Mercado,jennifercruz@example.com,2024-05-02,REGULAR,False
55,Abigail Potter,osbornejeffery@example.net,2025-02-26,PREMIUM,False
56,David Charles,danderson@example.net,2025-03-13,REGULAR,False
57,Emily Fischer,usalazar@example.net,2024-11-18,VIP,False
58,Jill Moore,wcole@example.org,2026-02-14,REGULAR,False
59,Richard Washington,joshuajones@example.com,2024-04-22,PREMIUM,False
60,Steven Miller,jessebenson@example.net,2024-03-30,PREMIUM,False
61,Gary Owens,clarkrobert@example.net,2026-06-10,PREMIUM,False
62,Spencer Johnston,wsmith@example.com,2025-11-11,REGULAR,False
63,Tiffany Barnes,tracynelson@example.com,2023-09-09,REGULAR,False
64,Michael Powell,marycalhoun@example.net,2025-03-16,PREMIUM,False
65,Leslie Alvarado,dayderek@example.com,2024-02-24,REGULAR,False
66,Garrett Gibson,kathleen64@example.com,2024-05-11,PREMIUM,False
67,Alec Ryan,jeffrey10@example.org,2026-06-14,REGULAR,False
68,Alex Hernandez,thomaswilson@example.org,2024-12-30,REGULAR,False
69,Jacob Obrien,stricklandfrank@example.com,2023-12-05,PREMIUM,False
70,Eric Byrd,tsanders@example.org,2023-10-31,REGULAR,False
71,Lori Garcia,melissa91@example.net,2025-12-13,REGULAR,False
72,Jeffrey Wood,alexander67@example.org,2024-11-26,REGULAR,False
73,Steven Stevens,ryangross@example.net,2024-05-31,REGULAR,False
74,Kimberly Webb,lpetersen@example.com,2024-07-27,REGULAR,False
75,Timothy Ramirez,dsanchez@example.net,2025-06-07,VIP,False
76,Allen Rosales,tonykelly@example.com,2024-08-16,REGULAR,False
77,Meredith Hill,blackjames@example.org,2025-10-06,REGULAR,False
78,Peter Vaughn DDS,bwest@example.org,2024-06-26,REGULAR,False
79,David Beck,thomas85@example.com,2026-08-05,REGULAR,False
80,Heather Chavez,john13@example.com,2023-12-18,REGULAR,False
81,Pamela Lopez,joannahill@example.net,2026-07-14,REGULAR,False
82,Diane Garcia,kennethward@example.com,2023-08-24,PREMIUM,False
83,Denise Mccann,heidi27@example.org,2026-03-22,REGULAR,False
84,Julie Alexander,tammyking@example.com,2023-12-12,REGULAR,False
85,John Ray,hernandezlisa@example.com,2023-11-10,VIP,False
86,Justin Butler,kimberlyjames@example.com,2024-06-29,REGULAR,False
87,Jessica Carroll,lynchjody@example.org,2025-06-24,PREMIUM,False
88,Brad Allen,moorericky@example.net,2025-05-20,REGULAR,False
89,David Mann,ojones@example.com,2025-12-19,REGULAR,False
90,Mary Peck,owilson@example.net,2024-01-19,PREMIUM,False
91,Charles Brown,brooke94@example.com,2023-12-23,VIP,False
92,Melissa Bender,mkim@example.org,2026-04-09,REGULAR,False
93,Lindsey Johnson,suzannehuff@example.net,2025-05-13,PREMIUM,False
94,Phillip Underwood,hinesgregory@example.net,2025-07-23,REGULAR,False
95,Catherine Richards,ecosta@example.com,2024-10-29,REGULAR,False
96,Brian Martin,ssteele@example.net,2026-06-09,REGULAR,False
97,Krista Gibson,johnny16@example.net,2026-01-29,REGULAR,False
98,Sean Murray,lopezmichael@example.com,2025-06-24,REGULAR,False
99,Christina Dunn,samuel71@example.org,2026-07-10,VIP,False
100,Cynthia Moore,tranchristopher@example.org,2024-12-26,VIP,False
101,Ronnie Jimenez,william46@example.com,2026-07-18,PREMIUM,False
102,Juan Reyes,michellehill@example.com,2024-08-15,REGULAR,False
103,Debra Smith,mary97@example.org,2024-12-10,REGULAR,False
104,Mr. Phillip Bennett,molly39@example.com,2024-04-20,REGULAR,False
105,Amanda Garner,qhughes@example.net,2026-07-18,REGULAR,False
106,Andrew Shaw MD,sawyerscott@example.net,2026-05-02,REGULAR,False
107,Charles Pitts,charlesharrington@example.com,2024-08-14,VIP,False
108,Marie Christian,ofinley@example.net,2026-04-07,REGULAR,False
109,Joshua Williamson II,wendy16@example.org,2025-11-19,REGULAR,False
110,Ashlee Jackson,rebecca05@example.org,2024-06-25,VIP,False
111,Charles Schmidt,georgemiller@example.com,2025-06-18,REGULAR,False
112,Thomas Thomas,dlittle@example.com,2025-08-08,REGULAR,False
113,Julie Roberts,charleslandry@example.net,2024-07-01,REGULAR,False
114,Melissa Bryant,james67@example.org,2024-04-24,REGULAR,False
115,Laura Haney,andrew64@example.org,2025-04-20,REGULAR,False
116,Natasha Williams,swall@example.org,2025-06-04,REGULAR,False
117,Mark Oliver,courtneyberger@example.net,2023-09-21,REGULAR,False
118,Amanda Diaz,christopherphillips@example.net,2024-11-06,PREMIUM,False
119,Richard Walter,alyssa42@example.com,2026-05-06,REGULAR,False
120,Tracy Phillips,linda71@example.org,2025-11-12,REGULAR,False
121,Michael Craig,zcoffey@example.net,2024-09-12,REGULAR,False
122,Alexis Herrera,vrichardson@example.net,2024-05-22,REGULAR,False
123,Mark Watson,thomasharvey@example.net,2024-08-02,REGULAR,False
124,Maria Reid,tblankenship@example.net,2024-10-29,PREMIUM,False
125,Tracy Torres,pwilson@example.net,2024-01-04,REGULAR,False
126,Michael Paul,umatthews@example.org,2026-04-05,REGULAR,False
127,Sandra Gilbert,antonio53@example.com,2024-12-08,VIP,False
128,Jack Pollard,amy50@example.com,2024-06-06,REGULAR,False
129,Tiffany Holloway,batesdarlene@example.net,2026-07-08,REGULAR,False
130,Gavin Zhang,caseyhubbard@example.org,2025-05-12,PREMIUM,False
131,Crystal Schroeder,ramireztracey@example.org,2025-03-23,REGULAR,False
132,Ashley Delacruz,alexistyler@example.org,2025-05-15,PREMIUM,False
133,Derek Martinez,vfox@example.org,2025-01-11,PREMIUM,False
134,Kayla Rodriguez,soniawilliams@example.net,2025-03-02,PREMIUM,False
135,Victor Brown,example.com,2025-01-14,VIP,False
136,Michael Henry,fjones@example.com,2025-06-05,PREMIUM,False
137,Donald Schultz,oscar98@example.com,2024-12-18,PREMIUM,False
138,Annette Miles,russellbeasley@example.com,2024-08-14,REGULAR,False
139,Jason Davis,qedwards@example.com,2026-06-19,REGULAR,False
140,Kara Davis,daviscolin@example.net,2024-09-20,PREMIUM,False
141,Anthony Frye,elizabeth65@example.net,2026-06-05,REGULAR,False
142,Thomas Williams,caroline51@example.net,2025-02-15,VIP,False
143,John Boone,megan51@example.com,2025-04-29,PREMIUM,False
144,Sarah Villegas,lynchdiane@example.net,2024-05-28,REGULAR,False
145,Michael Parker,michael22@example.net,2025-07-29,REGULAR,False
146,Patrick Bonilla,reesejason@example.com,2024-12-18,REGULAR,False
147,Eric Nguyen,wareeric@example.net,2023-10-02,PREMIUM,False
148,Jeremy Coleman,nperry@example.net,2023-12-11,REGULAR,False
149,Douglas Gregory,trose@example.org,2024-04-06,PREMIUM,False
150,Mrs. Christine Dougherty,kathrynroberts@example.org,2023-08-17,REGULAR,False
151,Casey James,vincentwhitaker@example.com,2023-10-26,REGULAR,False
152,Amanda Smith,atkinsbarbara@example.net,2024-10-25,REGULAR,False
153,Donna Sullivan,george97@example.net,2026-05-13,VIP,False
154,Ryan Sanchez,zwarren@example.com,2025-11-03,REGULAR,False
155,Richard Jones,schmidtjames@example.com,2024-08-27,PREMIUM,False
156,Maria Hernandez,thomasjames@example.net,2024-01-23,REGULAR,False
157,Angela Bean,kmarshall@example.net,2024-12-13,PREMIUM,False
158,Kristy Reid,michelle52@example.com,2023-10-22,PREMIUM,False
159,Eric Hill,bellcharles@example.com,2024-12-16,REGULAR,False
160,Ronald Jones,gilbertwilliam@example.com,2025-05-06,PREMIUM,False
161,Nancy Williams,marcalvarez@example.org,2026-06-23,REGULAR,False
162,Robert Monroe,wagnergerald@example.org,2025-09-22,VIP,False
163,Kelly Bishop MD,paul59@example.org,2025-12-20,REGULAR,False
164,Andrea Davis,umitchell@example.net,2026-06-30,PREMIUM,False
165,Brittany Miller,sabrinacollins@example.net,2025-09-12,REGULAR,False
166,Kurt Hurley,angelica52@example.net,2025-09-17,REGULAR,False
167,Yolanda Gaines,lucasrodney@example.com,2023-08-28,REGULAR,False
168,Trevor Peterson,ilee@example.org,2023-11-01,VIP,False
169,Ashley Wise,stanleynancy@example.net,2023-12-30,PREMIUM,False
170,Christopher Guerra,jenniferwilliams@example.com,2025-08-19,REGULAR,False
171,Jeremy Mitchell,pyoung@example.com,2026-07-02,REGULAR,False
172,Stephanie Lee,smurray@example.com,2025-02-10,REGULAR,False
173,Christopher Gonzalez,moniquewilliams@example.com,2026-03-24,REGULAR,False
174,Ashley Singleton,mitchellkathryn@example.com,2024-12-13,PREMIUM,False
175,Sandra Davis,lisawilkerson@example.org,2024-11-05,REGULAR,False
176,James Hughes,brooksanthony@example.org,2026-02-13,PREMIUM,False
177,Raven Taylor,samantha72@example.net,2025-01-04,REGULAR,False
178,Susan Smith,marydunn@example.net,2025-06-06,REGULAR,False
179,Ricardo Young,williamsrobert@example.net,2024-12-21,REGULAR,False
180,Taylor Carlson,chenbailey@example.net,2024-01-13,REGULAR,False
181,Lucas Allen,qlopez@example.org,2025-03-04,REGULAR,False
182,Troy Stephens,myerstheodore@example.net,2024-10-06,REGULAR,False
183,Paul Kelly,cooperjessica@example.net,2023-11-30,REGULAR,False
184,Nicole Anderson,amy27@example.net,2025-01-14,PREMIUM,False
185,Chad Baldwin,mjohnson@example.org,2025-12-23,VIP,False
186,Emily Collins,ihays@example.com,2024-05-12,REGULAR,False
187,Cheryl Kelly,glennmartin@example.org,2026-01-01,VIP,False
188,James Gonzales,lmorgan@example.com,2025-09-05,PREMIUM,False
189,Robert Adams,acostachristian@example.net,2026-08-03,REGULAR,False
190,Edward Garcia,donna47@example.net,2025-10-03,REGULAR,False
191,Jeremy West,christina64@example.net,2026-07-18,REGULAR,False
192,Angela Walsh,william20@example.org,2026-02-24,REGULAR,False
193,Jessica Martinez,kimberlydiaz@example.com,2026-06-14,PREMIUM,False
194,Christian Cole,nathan19@example.org,2025-03-11,PREMIUM,False
195,Matthew Wright,johnsonjacob@example.net,2024-10-06,REGULAR,False
196,Deborah Green,nlewis@example.com,2025-09-07,PREMIUM,False
197,Mrs. Brandy Jones MD,zosborn@example.net,2026-07-04,REGULAR,False
198,Miss Michelle Pierce,patricia22@example.com,2025-02-16,PREMIUM,False
199,Curtis Taylor,jjohnson@example.net,2024-09-16,REGULAR,False
200,Kristen Salazar,jonesraymond@example.net,2025-10-04,REGULAR,False
201,Patricia Morrow,martinezlogan@example.org,2024-12-14,VIP,False
202,Haley Humphrey,katrinaanderson@example.net,2026-05-03,PREMIUM,False
203,Caleb Hernandez,fernandodonovan@example.org,2024-08-22,PREMIUM,False
204,Stephanie Singleton,james84@example.org,2025-06-24,REGULAR,False
205,Anna Davidson,georgeweber@example.net,2024-08-13,REGULAR,False
206,Amanda Shields,williamsdarlene@example.net,2024-05-25,PREMIUM,False
207,Kenneth Montgomery,jimenezcourtney@example.com,2025-07-12,REGULAR,False
208,David Aguirre,eevans@example.net,2023-10-13,PREMIUM,False
209,John Harris,larryhiggins@example.net,2026-07-26,REGULAR,False
210,James Hodges,floressteven@example.com,2024-12-13,REGULAR,False
211,Anthony Dougherty,kwright@example.com,2026-05-28,REGULAR,False
212,Cheryl Moore,tjimenez@example.com,2023-09-03,REGULAR,False
213,Kathy Levy,brandywilliams@example.com,2025-02-01,PREMIUM,False
214,Martha Ruiz,booneryan@example.com,2025-10-14,PREMIUM,False
215,Holly Morales,michaelroberts@example.com,2025-02-11,REGULAR,False
216,Diana Hays,andersoncolin@example.com,2025-12-27,PREMIUM,False
217,Todd Fischer,carriemorales@example.org,2023-09-27,REGULAR,False
218,Gary Wells,ghernandez@example.org,2024-08-02,REGULAR,False
219,Carla Ewing,brittney88@example.net,2025-01-26,REGULAR,False
220,Karen Smith,emily69@example.com,2025-12-29,REGULAR,False
221,Melissa Johnson,pbaker@example.net,2025-05-03,PREMIUM,False
222,Lauren Jackson,rhernandez@example.org,2023-09-12,PREMIUM,False
223,Ashley Smith,robert63@example.com,2025-02-08,REGULAR,False
224,Kaitlyn Charles,thorntonapril@example.net,2024-07-30,REGULAR,False
225,Kelly Edwards,stevepatel@example.net,2024-08-31,PREMIUM,False
226,Michelle Schneider,chelsea33@example.com,2025-04-11,PREMIUM,False
227,William Evans,janet75@example.com,2024-08-25,REGULAR,False
228,Rebecca Hill,berryamy@example.com,2026-01-21,REGULAR,False
229,Regina Roberts,stephanie15@example.com,2025-07-27,REGULAR,False
230,Cindy Clayton,sarah42@example.org,2025-06-13,REGULAR,False
231,Dana Santiago,danawilliams@example.com,2024-08-05,PREMIUM,False
232,Michael Taylor,richarddonovan@example.com,2025-01-13,REGULAR,False
233,Victor Morris,velezchristopher@example.net,2024-04-19,REGULAR,False
234,Sarah Johnson,robertmonroe@example.org,2026-08-05,REGULAR,False
235,Jon Zuniga,nancy04@example.net,2025-05-30,REGULAR,False
236,Frances Gibson,ismall@example.net,2025-01-02,PREMIUM,False
237,Brian Martin,twong@example.org,2023-08-24,PREMIUM,False
238,Edward Craig,gregorychase@example.com,2026-01-31,REGULAR,False
239,Angie Caldwell,tinawoods@example.org,2023-08-16,REGULAR,False
240,Jeremy Adams,kevin90@example.com,2025-07-25,VIP,False
241,Amy Wilson,erik84@example.net,2023-12-15,REGULAR,False
242,Elizabeth Mendez,susanmendoza@example.com,2025-11-05,PREMIUM,False
243,Jennifer Dunn,ztodd@example.net,2026-01-29,PREMIUM,False
244,Melanie Larson,foxallison@example.com,2023-11-02,PREMIUM,False
245,Amy Kelley,ashleyhernandez@example.com,2026-03-02,REGULAR,False
246,Michael Love,gdavis@example.com,2026-01-11,REGULAR,False
247,Jose Bryant,hansenemily@example.com,2025-10-09,PREMIUM,False
248,Robert Reese,williamsmelvin@example.org,2025-03-24,PREMIUM,False
249,Steven Andersen,ajohnson@example.org,2025-11-28,VIP,False
250,Veronica Brewer,ybrooks@example.com,2026-03-19,VIP,False
251,Jaime Vega,desireebailey@example.org,2026-08-01,PREMIUM,False
252,Cameron Irwin,avilatiffany@example.com,2025-08-16,REGULAR,False
253,Kim Morrow,stevenmoore@example.org,2026-06-01,REGULAR,False
254,Ashley Pacheco,bmendez@example.org,2024-03-21,REGULAR,False
255,Andrew Harper,sanchezbradley@example.com,2024-04-21,REGULAR,False
256,Scott Brown,jim95@example.net,2025-05-25,REGULAR,False
257,Erica Turner,valerieboyd@example.com,2024-07-03,REGULAR,False
258,Travis Hobbs,conniesimmons@example.com,2023-09-29,REGULAR,False
259,Mason James,heather62@example.com,2024-09-24,REGULAR,False
260,Kara Atkinson,meredith27@example.org,2025-04-16,REGULAR,False
261,Kristin Anderson,jonathanrivera@example.org,2026-05-15,VIP,False
262,Anna Hardy,brettbennett@example.net,2025-05-30,REGULAR,False
263,Chelsea Gill,timothybooth@example.com,2024-07-06,PREMIUM,False
264,Christy Lee,burgesskaren@example.org,2025-09-09,REGULAR,False
265,Jennifer Allen,kimberly67@example.net,2025-07-19,REGULAR,False
266,Ian Andrade,ugarcia@example.com,2025-11-20,REGULAR,False
267,Dale Edwards,hartjeffrey@example.org,2023-08-26,REGULAR,False
268,Lauren Cortez,elijah53@example.com,2025-04-24,VIP,False
269,Juan Harding,jonathan77@example.com,2024-02-09,PREMIUM,False
270,Caroline Cortez,iwhite@example.net,2026-06-23,REGULAR,False
271,Sara Jones,duranrobert@example.net,2024-04-18,VIP,False
272,Alexa Wagner,bruce97@example.net,2025-01-24,VIP,False
273,Juan Smith,amanda40@example.net,2026-01-16,VIP,False
274,Renee Browning,hullalice@example.org,2024-03-06,REGULAR,False
275,Robin Adams,zmiller@example.com,2025-04-19,REGULAR,False
276,Courtney Sutton DVM,davisnicholas@example.net,2025-01-11,REGULAR,False
277,Michele Miller,vnewman@example.net,2026-07-15,PREMIUM,False
278,Stephanie Ellison,jasonparrish@example.net,2025-01-11,REGULAR,False
279,Benjamin Frost,whitemelissa@example.org,2026-06-27,REGULAR,False
280,Nicole Marquez,thickman@example.org,2025-04-18,REGULAR,False
281,Sarah Rhodes,patrick21@example.net,2025-11-03,REGULAR,False
282,Brent Hall,petersonkayla@example.net,2024-10-16,REGULAR,False
283,Alyssa Nelson,whenry@example.net,2026-06-05,REGULAR,False
284,Michael Guerrero,bartonkenneth@example.org,2025-09-28,REGULAR,False
285,Christian Dawson,jodistewart@example.org,2023-11-17,REGULAR,False
286,Jill Juarez,andersonjacob@example.com,2025-04-10,PREMIUM,False
287,Ashley Davis,carlsonkristen@example.com,2023-08-22,VIP,False
288,Richard Hardy,ashleyjackson@example.com,2024-02-10,REGULAR,False
289,Derrick Thomas,ryanfisher@example.com,2025-12-13,REGULAR,False
290,Tony Le,mwheeler@example.com,2023-12-04,REGULAR,False
291,Travis Cook,vbrock@example.com,2024-08-09,REGULAR,False
292,Shannon Mccann,kevinmorrison@example.net,2024-03-16,PREMIUM,False
293,Vincent Novak,jessica79@example.org,2024-07-31,PREMIUM,False
294,Richard Diaz,brittanygardner@example.net,2025-11-27,REGULAR,False
295,Nicholas Hahn,samuelcarter@example.net,2023-10-23,REGULAR,False
296,Rebecca Chambers,cynthiaallen@example.net,2024-01-24,REGULAR,False
297,James Cole,iaguilar@example.net,2026-05-17,REGULAR,False
298,Jennifer Johnson,jacqueline89@example.net,2026-05-07,REGULAR,False
299,David Ortega,deborahwilliams@example.net,2025-08-20,REGULAR,False
300,Paul Sheppard,grodriguez@example.com,2024-04-08,REGULAR,False
301,Kristin Watts,seanmyers@example.net,2025-05-15,REGULAR,False
302,Haley Johnson,phillipssamantha@example.org,2023-12-14,PREMIUM,False
303,Brenda Collins,hmueller@example.com,2024-08-24,REGULAR,False
304,Nathan Chavez,evanslisa@example.org,2023-09-02,REGULAR,False
305,Brian Marsh,zacharyarnold@example.com,2025-04-13,PREMIUM,False
306,Crystal Sullivan,jacobsandoval@example.com,2023-09-09,REGULAR,False
307,Christina Vargas,nsmith@example.org,2024-06-09,VIP,False
308,Rebecca Ray,michaelgonzalez@example.org,2024-05-22,REGULAR,False
309,Kelsey Fowler,lcarr@example.org,2024-08-24,REGULAR,False
310,Lisa Cervantes,samantha91@example.net,2024-01-02,PREMIUM,False
311,Eric White,williambarnes@example.org,2025-04-29,PREMIUM,False
312,John Medina,angelaburns@example.org,2024-03-01,PREMIUM,False
313,Lisa Glenn,washingtonjames@example.com,2026-06-30,PREMIUM,False
314,Kathleen Cohen,cmckinney@example.com,2024-02-08,REGULAR,False
315,Rebecca Walker,hillamanda@example.org,2025-12-11,REGULAR,False
316,Patricia Simpson,armstrongjoseph@example.net,2026-01-27,PREMIUM,False
317,Rodney Williams,bpayne@example.org,2025-10-23,REGULAR,False
318,Danielle Golden,colemichael@example.org,2024-12-02,PREMIUM,False
319,Patricia Young PhD,michelle96@example.org,2025-06-14,REGULAR,False
320,Robin Trujillo,amanda98@example.org,2024-07-28,REGULAR,False
321,Donna Adams,taylorkaren@example.com,2026-05-11,PREMIUM,False
322,Sharon Martinez DVM,dustinmorris@example.org,2025-11-20,REGULAR,False
323,Katherine Ray,example.com,2024-05-29,REGULAR,False
324,Jesse Schultz,powellkara@example.net,2026-05-31,REGULAR,False
325,Travis Murphy,meltonmelanie@example.org,2025-10-18,VIP,False
326,Matthew Howard,flynnraymond@example.com,2026-01-29,PREMIUM,False
327,Frank Campbell MD,ashleewashington@example.com,2026-04-14,REGULAR,False
328,Amber Sims,ksmith@example.com,2024-12-21,REGULAR,False
329,Jessica Forbes DVM,erik41@example.net,2024-09-07,REGULAR,False
330,Matthew Banks,sanderskevin@example.net,2025-11-13,VIP,False
331,Brandon Davis,thomasanderson@example.org,2025-02-28,PREMIUM,False
332,Adam Cooper,mcneilrobert@example.org,2025-01-13,PREMIUM,False
333,Brandon Shaffer,edwardsnicole@example.org,2024-10-01,REGULAR,False
334,Shelly May,caseyelliott@example.net,2025-07-21,REGULAR,False
335,Nathan Fuller,samanthajensen@example.com,2026-03-08,VIP,False
336,Brian Goodwin,bbell@example.com,2025-12-23,PREMIUM,False
337,Matthew Wright,kimberly04@example.org,2025-02-26,PREMIUM,False
338,Nicole Phillips,bowerslaura@example.org,2025-02-01,REGULAR,False
339,Jonathan Wheeler,hatfieldsarah@example.org,2024-10-05,PREMIUM,False
340,Jennifer Payne,kathrynbest@example.org,2023-08-27,REGULAR,False
341,Dennis Williams,fryraymond@example.com,2025-06-27,REGULAR,False
342,Jennifer Miles,davidsonamanda@example.org,2024-06-08,REGULAR,False
343,Jorge Harris,amandamyers@example.net,2025-11-22,REGULAR,False
344,Maria Collins,pblair@example.org,2024-05-02,PREMIUM,False
345,Audrey Salazar,parkerjudith@example.net,2024-02-17,PREMIUM,False
346,Chad Smith,hbenton@example.net,2025-12-14,PREMIUM,False
347,Carol Martinez,jessica10@example.com,2026-01-09,PREMIUM,False
348,Austin Joseph,crawfordwilliam@example.org,2025-02-06,REGULAR,False
349,Holly Scott,shannonemily@example.org,2024-04-15,PREMIUM,False
350,Amanda Roy,brandoncox@example.org,2024-02-21,PREMIUM,False
351,Amanda Pratt,pwalker@example.com,2026-05-08,REGULAR,False
352,Roger Duncan,shawrachel@example.org,2024-04-09,PREMIUM,False
353,Amber Morales,xcline@example.com,2024-08-01,REGULAR,False
354,Aimee Gonzalez,jodi37@example.com,2025-05-18,PREMIUM,False
355,Raymond Gonzalez DVM,edwardrandolph@example.org,2024-04-20,VIP,False
356,Ryan Wiley,aaron64@example.org,2024-03-20,REGULAR,False
357,Mrs. Tonya Kaufman,jenniferdavis@example.org,2026-04-18,REGULAR,False
358,Mercedes Watson,carpenterwilliam@example.net,2026-01-23,REGULAR,False
359,Keith Graham,joelgreen@example.com,2026-05-19,REGULAR,False
360,Ronnie Nguyen,enelson@example.org,2024-01-05,PREMIUM,False
361,Ashley Garcia,aowens@example.org,2025-03-18,VIP,False
362,Christine Parker,melissa12@example.net,2024-07-07,PREMIUM,False
363,Lindsey Lewis,eddie35@example.com,2025-02-21,REGULAR,False
364,Debbie Ewing,cranemelissa@example.net,2025-11-05,REGULAR,False
365,Joel Lara,davidbrown@example.org,2023-12-30,VIP,False
366,Jacqueline Mccoy,aguilarjonathan@example.org,2023-09-01,REGULAR,False
367,Steven Ramos,christopherboone@example.com,2023-12-21,REGULAR,False
368,Amber Glass,zunderwood@example.com,2023-09-10,REGULAR,False
369,Carrie Lewis,joshuagriffin@example.org,2023-09-15,PREMIUM,False
370,Danielle Phillips,eandrade@example.org,2023-11-13,REGULAR,False
371,Jason Day,crystalpham@example.org,2026-07-28,REGULAR,False
372,Heather Stephens,kcooper@example.net,2024-07-26,PREMIUM,False
373,Alexander Harper,huangkimberly@example.org,2026-01-11,REGULAR,False
374,Hunter Silva,terrigarcia@example.net,2024-04-29,REGULAR,False
375,Raven Mclaughlin,barbaramcgrath@example.com,2024-08-31,REGULAR,False
376,Sarah Thompson,linda59@example.org,2025-09-17,VIP,False
377,Keith Thomas,marycochran@example.com,2025-03-25,REGULAR,False
378,Andrew Brown,andrewwoods@example.com,2026-05-11,REGULAR,False
379,Carlos Love,brian29@example.net,2026-05-10,PREMIUM,False
380,Sarah Valencia,brookssheri@example.com,2025-05-12,PREMIUM,False
381,Frank Daugherty,fconner@example.net,2024-07-21,REGULAR,False
382,Kristina Preston,jeffrey92@example.com,2024-07-10,REGULAR,False
383,Bethany Daniel,xrosales@example.net,2023-09-13,REGULAR,False
384,Tammy Ponce,daniellegarcia@example.com,2024-01-10,PREMIUM,False
385,Cynthia Haas,daisymccarty@example.net,2025-08-12,REGULAR,False
386,Gabriela Smith,johnjones@example.com,2025-12-18,REGULAR,False
387,Amber Kim,acosta@example.com,2026-04-01,VIP,False
388,James Poole,franciscojones@example.org,2024-06-27,REGULAR,False
389,Trevor Jones,pamelamartin@example.org,2025-03-30,PREMIUM,False
390,Anna Wheeler,bbush@example.net,2024-02-05,PREMIUM,False
391,Brooke Garcia,terriortiz@example.net,2025-10-08,REGULAR,False
392,Deborah Campbell,codylong@example.net,2026-02-14,VIP,False
393,Isaac Patterson,madison97@example.org,2023-11-23,REGULAR,False
394,Mark Rowland,tanthony@example.com,2025-01-06,VIP,False
395,Deborah May,ylopez@example.com,2024-02-29,PREMIUM,False
396,Jeremiah Baker,anne21@example.org,2025-08-10,REGULAR,False
397,Jennifer Avila,angelarandall@example.net,2024-11-09,REGULAR,False
398,Sharon Wells,thomasmiller@example.net,2023-09-16,REGULAR,False
399,Kellie Duncan,davidtodd@example.org,2026-06-14,REGULAR,False
400,Daniel Lee,hendersonvanessa@example.com,2024-03-17,REGULAR,False
401,Brittany Larson,renee11@example.com,2025-04-09,REGULAR,False
402,Shannon Stone,buchanancindy@example.net,2025-12-12,REGULAR,False
403,Chase Knight,buckleyanna@example.org,2025-12-17,REGULAR,False
404,Sheryl Humphrey,patrick79@example.net,2025-01-08,REGULAR,False
405,Jamie Montgomery,vwilliams@example.net,2024-04-25,REGULAR,False
406,Tammie Prince,morganlaura@example.com,2024-06-11,REGULAR,False
407,Michael Garcia PhD,kevinmanning@example.com,2024-05-30,PREMIUM,False
408,Matthew Lopez,robinrussell@example.com,2025-11-18,PREMIUM,False
409,Samantha Robertson,cameronmckinney@example.com,2024-01-04,PREMIUM,False
410,Sherry Johnson,nancygonzalez@example.org,2024-05-08,PREMIUM,False
411,Thomas Bush,micheal78@example.com,2025-07-05,VIP,False
412,Andre Watson,ethompson@example.net,2025-04-04,REGULAR,False
413,Ryan Green,mitchellpaul@example.org,2026-03-01,REGULAR,False
414,Cindy Walker,ericaadams@example.com,2025-02-21,PREMIUM,False
415,Tracy Fleming,pbuck@example.org,2025-05-28,REGULAR,False
416,David Trujillo,jennifer46@example.com,2026-02-27,PREMIUM,False
417,Daniel Turner,asilva@example.net,2026-08-08,PREMIUM,False
418,Sara Hoffman,kenneth17@example.org,2024-08-11,REGULAR,False
419,Frederick Hill,jacob83@example.org,2026-01-07,REGULAR,False
420,Lindsay Guerrero,jenniferrios@example.com,2024-05-19,PREMIUM,False
421,James Johnson,matthewreeves@example.net,2025-03-16,PREMIUM,False
422,Susan Powers,megan82@example.com,2023-11-23,REGULAR,False
423,David Stokes,staceylam@example.net,2023-11-14,PREMIUM,False
424,Patrick Parker,nathan94@example.com,2026-02-26,PREMIUM,False
425,Sean Silva,kennedyjames@example.org,2026-03-16,REGULAR,False
426,Edwin Brown,derrickgonzalez@example.com,2026-07-25,VIP,False
427,Victoria Thomas,kimberlyfreeman@example.net,2026-07-25,PREMIUM,False
428,Anthony Hayes,kathleenjackson@example.org,2025-01-26,REGULAR,False
429,Anita Mendez,epowell@example.com,2023-08-14,PREMIUM,False
430,Monica Dodson,katherine83@example.org,2025-08-19,PREMIUM,False
431,Danielle Steele,larry16@example.net,2025-05-15,REGULAR,False
432,Rodney Evans,stephen89@example.net,2024-08-13,REGULAR,False
433,Whitney Cooper,mhoward@example.org,2026-06-13,REGULAR,False
434,Jennifer Perez,jasonjohnson@example.net,2024-02-10,REGULAR,False
435,Matthew Johnson,kelsey90@example.net,2026-08-03,REGULAR,False
436,Martha Smith,butleromar@example.net,2024-05-12,PREMIUM,False
437,Christine Jennings,turnerdorothy@example.net,2025-03-01,REGULAR,False
438,Mercedes Barnes,huntchristine@example.com,2023-12-11,REGULAR,False
439,Craig Gonzalez,marie35@example.net,2024-10-31,REGULAR,False
440,Joshua Lozano,arivera@example.org,2025-08-14,REGULAR,False
441,Sara Caldwell,stacychan@example.org,2025-10-10,VIP,False
442,David Hall,joseph01@example.org,2026-03-24,REGULAR,False
443,Heather Rhodes,grodgers@example.org,2023-08-19,REGULAR,False
444,Matthew Murphy,rfriedman@example.net,2023-11-18,PREMIUM,False
445,Catherine Morales,ynelson@example.net,2026-02-26,REGULAR,False
446,Mariah Robles,andersonjessica@example.org,2023-11-30,REGULAR,False
447,Karen Carroll,ywhite@example.com,2025-06-09,REGULAR,False
448,Sheryl Acosta,timothyfreeman@example.com,2024-12-03,REGULAR,False
449,Matthew Smith,tiffanysantiago@example.com,2025-02-27,VIP,False
450,Lisa Reynolds,timothyalvarado@example.net,2024-10-03,VIP,False
451,Kristin Huerta,smithsarah@example.net,2026-02-24,REGULAR,False
452,Sheila Jones,vflores@example.com,2023-10-03,PREMIUM,False
453,Mason Powell,christianwallace@example.net,2024-12-12,REGULAR,False
454,Jillian Wilson,bmcgee@example.org,2024-10-24,REGULAR,False
455,Joshua Petersen,pamela83@example.net,2025-08-13,REGULAR,False
456,Heidi Brown,meganrivera@example.net,2025-05-27,PREMIUM,False
457,Heidi Chavez,malonejeffrey@example.com,2024-09-01,PREMIUM,False
458,Rebecca Kelley,jacqueline02@example.com,2024-01-09,PREMIUM,False
459,Mikayla Rodriguez,jacobconrad@example.com,2024-04-01,PREMIUM,False
460,Cheryl Morgan,owilliams@example.net,2025-05-15,PREMIUM,False
461,Joanna Barrett,tamarasmith@example.net,2023-10-01,PREMIUM,False
462,Sara Webb,heatherthompson@example.org,2023-11-30,REGULAR,False
463,Lisa Morris,mbarnes@example.net,2025-11-21,PREMIUM,False
464,Victor Waller,iballard@example.com,2025-05-30,REGULAR,False
465,Kayla Cameron,jennifer83@example.org,2024-03-25,REGULAR,False
466,Melissa Morse,tinasantos@example.org,2025-02-11,REGULAR,False
467,Erica Wilson,anna99@example.net,2025-09-25,REGULAR,False
468,Stephanie Ferguson,hstokes@example.org,2023-09-05,PREMIUM,False
469,Michael Gonzalez,tonyavega@example.org,2026-02-13,PREMIUM,False
470,Elizabeth Molina,howardshaun@example.net,2026-03-17,PREMIUM,False
471,Sharon Newton,yyoung@example.net,2024-06-19,REGULAR,False
472,Tammy Hughes,tammy00@example.net,2024-05-10,VIP,False
473,Priscilla Berg,rhondabush@example.net,2024-09-15,VIP,False
474,Nancy Gonzalez,kellythompson@example.net,2023-10-29,PREMIUM,False
475,Nancy Wilson,pattersonangela@example.org,2024-02-01,VIP,False
476,Abigail Owens,billmcfarland@example.net,2023-10-03,REGULAR,False
477,Lisa Stanley,jtyler@example.com,2023-10-27,REGULAR,False
478,Kelly Krueger,hartmanerik@example.net,2025-03-19,REGULAR,False
479,Daniel Lewis,mark43@example.net,2025-03-12,PREMIUM,False
480,Samantha Zavala MD,sean99@example.org,2026-06-24,PREMIUM,False
481,Erica Moon,cruzamber@example.com,2023-09-05,REGULAR,False
482,Patricia Robertson,stucker@example.net,2024-03-06,REGULAR,False
483,Tiffany Jackson,simsjason@example.net,2025-12-03,REGULAR,False
484,Jessica Garcia,elucas@example.net,2025-08-29,REGULAR,False
485,Mitchell Johnson,brownlaura@example.net,2023-10-25,PREMIUM,False
486,Susan Russell,bmccoy@example.com,2023-08-27,REGULAR,False
487,Kimberly May,avilabrenda@example.net,2026-02-23,REGULAR,False
488,Jonathan Roberts,catherine47@example.com,2024-10-15,REGULAR,False
489,Kara Ferguson,julierobles@example.net,2024-06-27,REGULAR,False
490,Elizabeth Eaton,susan08@example.net,2024-01-10,REGULAR,False
491,Kenneth Long,torreskaitlin@example.net,2024-08-19,PREMIUM,False
492,Matthew Hunt,jackjensen@example.com,2024-03-08,VIP,False
493,Robert Phelps,enewman@example.com,2025-08-14,PREMIUM,False
494,Craig Carpenter,michael31@example.com,2025-06-17,REGULAR,False
495,Emily Hayes,heather29@example.net,2024-09-11,REGULAR,False
496,Jeffrey Smith,kristenjoseph@example.net,2024-11-28,VIP,False
497,Brandy Quinn,wford@example.com,2025-01-23,REGULAR,False
498,Matthew Miller,michele28@example.org,2024-05-23,VIP,False
499,Angela Jones,atkinsoncrystal@example.net,2025-05-04,REGULAR,False
500,Christy Johnson,amy87@example.net,2025-12-05,REGULAR,False
501,Daniel Barton,dennis88@example.org,2024-10-16,REGULAR,False
502,Mary Charles,katherinetaylor@example.org,2024-02-21,REGULAR,False
503,Mary Faulkner,ccrosby@example.org,2025-11-20,PREMIUM,False
504,Dennis Young,aprilmoody@example.com,2025-01-04,PREMIUM,False
505,Anthony Hooper,dakota84@example.net,2024-05-23,REGULAR,False
506,Carrie Valdez,briana18@example.com,2024-09-24,PREMIUM,False
507,Kelli Gomez,tommy79@example.org,2025-02-09,REGULAR,False
508,Christopher Jones,jason22@example.com,2025-05-29,REGULAR,False
509,Mary Perry,jennifer77@example.com,2024-03-26,REGULAR,False
510,Roy Johnson,andersonbrittany@example.org,2025-06-28,PREMIUM,False
511,Kenneth Brown,sandra86@example.net,2026-07-06,REGULAR,False
512,Sherry Luna,stacey37@example.net,2026-08-01,REGULAR,False
513,Carolyn Greer,laurahoover@example.org,2025-06-22,REGULAR,False
514,Carol Jennings,ecarlson@example.org,2024-09-26,REGULAR,False
515,Alan Mills,mserrano@example.org,2024-02-19,PREMIUM,False
516,Linda Rich,davisdonna@example.net,2025-03-22,REGULAR,False
517,Todd Gregory,xboyd@example.org,2025-09-11,REGULAR,False
518,Todd Olson,zbell@example.net,2026-04-30,REGULAR,False
519,Laura Coleman,thomas31@example.com,2025-05-25,PREMIUM,False
520,Deanna Smith,lanedavid@example.org,2024-09-23,PREMIUM,False
521,Robert Ortiz,mooredenise@example.com,2024-05-21,PREMIUM,False
522,Krystal Carr,afischer@example.net,2025-12-15,REGULAR,False
523,Mr. Justin King,becky62@example.net,2023-12-17,VIP,False
524,Richard Avery,lewisrichard@example.com,2026-01-02,PREMIUM,False
525,Melinda Williams,aoconnell@example.org,2026-01-27,REGULAR,False
526,Kyle Davis,jeffrey19@example.org,2025-10-11,VIP,False
527,Jennifer Douglas,jennifer90@example.org,2025-07-10,REGULAR,False
528,Dakota Sandoval,james98@example.net,2025-09-12,PREMIUM,False
529,Megan Ward,cantrellchristopher@example.com,2025-12-10,VIP,False
530,James Willis,mclaughlincasey@example.org,2025-04-02,REGULAR,False
531,Kristin Aguilar,sylvia43@example.net,2026-06-29,REGULAR,False
532,Jared Smith,richardrodriguez@example.org,2025-02-10,PREMIUM,False
533,Bruce Palmer,nancy94@example.net,2024-12-06,REGULAR,False
534,John Sanchez,susan77@example.net,2026-03-10,REGULAR,False
535,Mr. James Kramer,ericahall@example.com,2024-11-03,PREMIUM,False
536,Joseph Haynes,john16@example.net,2025-11-06,PREMIUM,False
537,Justin White,michael94@example.org,2026-06-12,PREMIUM,False
538,Susan Porter,jimmyallen@example.com,2024-03-22,PREMIUM,False
539,David Montgomery,kimberlywilson@example.org,2025-08-18,REGULAR,False
540,Lisa Duran,charlesnathan@example.com,2025-01-29,REGULAR,False
541,Dr. Sheila Henry,raymond92@example.org,2025-03-07,REGULAR,False
542,Todd Johnson,phillip27@example.org,2025-09-12,REGULAR,False
543,Michael Smith,nicolasgarcia@example.com,2025-06-10,REGULAR,False
544,Joshua Young,vmullen@example.com,2024-02-26,VIP,False
545,Jason Goodwin,melissa47@example.org,2025-04-26,PREMIUM,False
546,Melissa Olsen,linda86@example.com,2024-03-10,REGULAR,False
547,Nancy Kennedy,thompsonvictor@example.net,2025-02-25,PREMIUM,False
548,Rachel Evans,rosshannah@example.org,2024-04-01,REGULAR,False
549,Ryan Davis,jordan58@example.net,2026-05-26,REGULAR,False
550,Alejandro Martinez,barbarasantos@example.net,2024-02-16,REGULAR,False
551,Heather Nunez,champton@example.org,2024-09-29,PREMIUM,False
552,Mark Thomas,daniellemcfarland@example.com,2025-06-30,PREMIUM,False
553,Sarah Jones,matthewedwards@example.net,2024-06-23,PREMIUM,False
554,Matthew Nelson,xnorman@example.net,2025-05-13,REGULAR,False
555,Jennifer White,martinezjimmy@example.com,2026-06-04,PREMIUM,False
556,Angela Jackson,davissharon@example.com,2025-04-01,REGULAR,False
557,James Hubbard,garciachristine@example.org,2025-07-26,REGULAR,False
558,Ellen Wright,scott22@example.net,2026-02-13,REGULAR,False
559,Matthew Dalton,michelle78@example.com,2025-04-01,PREMIUM,False
560,Travis Ryan,owelch@example.net,2024-11-27,PREMIUM,False
561,Kimberly Stout,zfernandez@example.org,2024-12-05,PREMIUM,False
562,David Torres,millskatherine@example.org,2024-08-19,VIP,False
563,Adam Weeks,xevans@example.com,2025-12-30,REGULAR,False
564,Rebecca Kelley,robertcastro@example.com,2024-05-08,PREMIUM,False
565,Maria Clayton,josehenderson@example.org,2025-02-25,REGULAR,False
566,Lisa Benson,lisa.benson@,2024-06-01,REGULAR,False
567,Kim Adams,melissawhite@example.com,2023-12-07,REGULAR,False
568,Jesse Graves,blopez@example.org,2023-10-02,REGULAR,False
569,Charlene Garcia,david70@example.org,2023-11-15,REGULAR,False
570,Daniel Fisher,dbolton@example.net,2025-12-23,REGULAR,False
571,Ryan Lynn,adamsphilip@example.net,2025-01-05,PREMIUM,False
572,Ryan Roth,martinezkayla@example.org,2024-10-03,REGULAR,False
573,Danielle Vang,stevenwise@example.net,2025-08-07,REGULAR,False
574,James Ali,eric08@example.net,2023-12-20,PREMIUM,False
575,Mr. Isaac Williams,teresayoung@example.com,2024-07-29,REGULAR,False
576,Donald Wilson,albertwilliams@example.net,2025-01-10,REGULAR,False
577,Jacqueline Davis,vincentparks@example.com,2026-05-25,REGULAR,False
578,Lori Brown DDS,martinezjesse@example.net,2025-12-20,REGULAR,False
579,Renee Gonzales,andrewgray@example.net,2024-01-03,REGULAR,False
580,Karina Kim,amy73@example.net,2024-02-29,REGULAR,False
581,Nicholas Hill,caseymoore@example.com,2026-01-23,REGULAR,False
582,Jordan Parsons,bgross@example.net,2026-03-05,REGULAR,False
583,Cynthia Le,example.com,2025-07-30,VIP,False
584,Jasmine Warren,jcannon@example.net,2024-06-14,PREMIUM,False
585,Frank Davis,williamssharon@example.org,2026-03-23,REGULAR,False
586,John Garcia,hbarrett@example.net,2025-09-15,REGULAR,False
587,Jacob Obrien,smithsamantha@example.net,2025-01-28,REGULAR,False
588,Angela Owen,wardjulia@example.com,2026-01-25,REGULAR,False
589,Amy Jensen,navarromary@example.org,2026-06-09,REGULAR,False
590,Anne Hardy,hlopez@example.net,2024-05-07,PREMIUM,False
591,Cassidy Curry,xreese@example.net,2025-05-01,REGULAR,False
592,Michele Simmons,jacksonhenry@example.com,2025-02-12,REGULAR,False
593,Kimberly Greene,rachel85@example.com,2024-11-02,REGULAR,False
594,Samantha Morris,annalewis@example.net,2026-05-20,REGULAR,False
595,Tyrone West,csmith@example.com,2025-05-22,VIP,False
596,Wendy Turner,tracey35@example.org,2025-12-01,VIP,False
597,Samantha Ellison,clintonstevens@example.org,2024-01-07,PREMIUM,False
598,Kevin Hall,christopher69@example.org,2025-10-21,REGULAR,False
599,Rebecca Thompson,larsonkevin@example.net,2026-01-10,REGULAR,False
600,Richard Weeks,michael66@example.org,2026-03-19,REGULAR,False
601,Danielle Golden,colemichael@example.org,2024-12-02,PREMIUM,True
602,Austin Joseph,crawfordwilliam@example.org,2025-02-06,REGULAR,True
603,William Evans,janet75@example.com,2024-08-25,REGULAR,True
604,Jennifer Miles,davidsonamanda@example.org,2024-06-08,REGULAR,True
605,Christopher Gonzalez,moniquewilliams@example.com,2026-03-24,REGULAR,True
606,David Beck,thomas85@example.com,2026-08-05,REGULAR,True
607,Mr. Justin King,becky62@example.net,2023-12-17,VIP,True
608,Mark Oliver,courtneyberger@example.net,2023-09-21,REGULAR,True
609,Joshua Young,vmullen@example.com,2024-02-26,VIP,True
