order_id,customer_id,order_date,status,region_code,is_future_date
1,,2026-09-25 15:19:31,DELIVERED,EAST,True
2,106,2025-11-06 22:14:02,SHIPPED,NORTH,False
3,298,2025-02-10 01:13:31,DELIVERED,WEST,False
4,138,2025-07-10 04:30:29,DELIVERED,SOUTH,False
5,414,2026-08-24 15:19:31,PLACED,NORTH,True
6,174,2026-04-26 00:27:40,DELIVERED,WEST,False
7,262,2025-09-10 04:12:24,DELIVERED,NORTH,False
8,21,2024-08-13 08:37:16,DELIVERED,NORTH,False
9,486,2026-05-15 22:55:45,DELIVERED,NORTH,False
10,104,2025-01-29 22:10:27,DELIVERED,SOUTH,False
11,108,2025-10-13 07:27:24,SHIPPED,NORTH,False
12,205,2025-07-22 15:45:34,RETURNED,EAST,False
13,303,2025-06-04 18:22:55,RETURNED,WEST,False
14,3,2026-08-15 15:19:31,CANCELLED,WEST,True
15,93,2024-10-06 00:00:00,DELIVERED,EAST,False
16,468,2025-10-21 12:30:26,DELIVERED,NORTH,False
17,41,2025-02-03 21:59:56,DELIVERED,WEST,False
18,98,2025-09-12 23:32:08,PLACED,SOUTH,False
19,175,2025-11-04 21:14:45,RETURNED,EAST,False
20,96,2025-09-20 10:28:50,PLACED,WEST,False
21,279,2026-04-03 23:44:09,DELIVERED,WEST,False
22,171,2024-09-13 21:25:34,PLACED,SOUTH,False
23,605,2024-11-25 10:57:40,DELIVERED,CENTRAL,False
24,368,2025-11-29 08:44:30,CANCELLED,SOUTH,False
25,500,2024-09-04 23:34:52,PLACED,EAST,False
26,13,2026-04-24 20:43:49,DELIVERED,CENTRAL,False
27,230,2025-12-09 09:16:06,SHIPPED,CENTRAL,False
28,98,2026-04-13 07:28:19,DELIVERED,WEST,False
29,572,2025-03-15 03:56:21,PLACED,SOUTH,False
30,481,2026-06-12 11:32:52,PLACED,WEST,False
31,339,2024-09-13 00:00:00,SHIPPED,WEST,False
32,241,2025-06-09 17:41:38,DELIVERED,NORTH,False
33,458,2024-12-17 08:46:13,DELIVERED,NORTH,False
34,423,2025-12-13 02:34:23,CANCELLED,CENTRAL,False
35,312,2025-10-29 13:08:15,DELIVERED,WEST,False
36,373,2025-12-27 07:05:24,CANCELLED,EAST,False
37,485,2025-10-17 18:30:57,DELIVERED,NORTH,False
38,228,2026-09-01 15:19:31,RETURNED,EAST,True
39,383,2026-03-07 00:00:00,SHIPPED,SOUTH,False
40,420,2024-12-16 18:14:04,SHIPPED,WEST,False
41,196,2025-07-07 18:34:10,DELIVERED,CENTRAL,False
42,462,2025-10-06 01:57:51,DELIVERED,WEST,False
43,,2026-06-20 14:03:44,DELIVERED,CENTRAL,False
44,521,2024-10-16 04:27:02,DELIVERED,SOUTH,False
45,132,2025-03-15 18:53:32,DELIVERED,EAST,False
46,394,2025-05-05 09:23:15,DELIVERED,SOUTH,False
47,352,2025-05-12 23:11:17,PLACED,WEST,False
48,525,2024-09-27 14:06:17,CANCELLED,CENTRAL,False
49,206,2025-06-17 07:26:30,DELIVERED,SOUTH,False
50,183,2025-09-15 06:24:00,SHIPPED,NORTH,False
51,576,2025-03-11 01:36:28,DELIVERED,WEST,False
52,547,2024-11-15 10:35:50,CANCELLED,CENTRAL,False
53,391,2025-12-29 13:32:23,SHIPPED,SOUTH,False
54,257,2025-02-25 00:00:00,DELIVERED,SOUTH,False
55,34,2025-08-29 03:50:26,DELIVERED,CENTRAL,False
56,575,2025-08-27 09:39:02,DELIVERED,EAST,False
57,49,2025-12-30 10:45:14,RETURNED,EAST,False
58,56,2026-08-26 15:19:31,CANCELLED,WEST,True
59,377,2025-10-30 06:02:15,DELIVERED,SOUTH,False
60,182,2024-10-28 00:00:00,RETURNED,CENTRAL,False
61,42,2026-01-24 05:03:19,PLACED,CENTRAL,False
62,6,2025-11-11 14:45:22,SHIPPED,SOUTH,False
63,53,2026-07-31 06:44:00,CANCELLED,EAST,False
64,587,2025-07-28 00:00:00,DELIVERED,CENTRAL,False
65,189,2025-12-25 04:57:41,SHIPPED,CENTRAL,False
66,95,2026-06-22 08:20:45,DELIVERED,EAST,False
67,224,2026-07-30 14:45:55,DELIVERED,CENTRAL,False
68,10,2025-03-06 22:38:06,SHIPPED,CENTRAL,False
69,250,2025-10-27 21:46:36,SHIPPED,NORTH,False
70,554,2025-03-28 00:00:00,DELIVERED,EAST,False
71,521,2025-08-27 00:00:00,CANCELLED,SOUTH,False
72,85,2026-08-06 00:05:39,RETURNED,CENTRAL,False
73,68,2025-04-24 15:23:32,SHIPPED,WEST,False
74,211,2024-11-11 21:52:25,RETURNED,WEST,False
75,74,2025-09-24 03:38:25,DELIVERED,EAST,False
76,,2025-08-23 19:02:16,SHIPPED,NORTH,False
77,234,2025-11-13 17:13:46,DELIVERED,WEST,False
78,18,2025-08-03 22:09:25,PLACED,CENTRAL,False
79,600,2024-12-18 13:51:09,DELIVERED,CENTRAL,False
80,309,2025-10-28 07:36:52,RETURNED,WEST,False
81,32,2026-01-08 18:24:49,PLACED,WEST,False
82,559,2026-07-25 11:40:49,SHIPPED,EAST,False
83,12,2024-08-10 07:31:16,PLACED,NORTH,False
84,404,2024-08-26 16:19:49,SHIPPED,EAST,False
85,525,2025-11-09 01:04:58,DELIVERED,EAST,False
86,186,2024-11-03 07:13:20,PLACED,CENTRAL,False
87,563,2026-04-20 15:45:27,SHIPPED,SOUTH,False
88,499,2026-03-16 05:23:01,DELIVERED,SOUTH,False
89,72,2026-08-08 21:33:57,DELIVERED,CENTRAL,False
90,599,2025-06-07 14:34:32,CANCELLED,WEST,False
91,321,2025-04-09 23:41:27,DELIVERED,WEST,False
92,369,2025-09-22 12:44:27,CANCELLED,WEST,False
93,313,2025-11-17 20:12:41,DELIVERED,NORTH,False
94,144,2024-08-17 09:51:48,DELIVERED,NORTH,False
95,20,2025-01-03 02:55:17,CANCELLED,CENTRAL,False
96,605,2025-03-02 00:00:00,SHIPPED,CENTRAL,False
97,153,2026-03-09 09:08:00,DELIVERED,EAST,False
98,514,2025-03-21 23:31:33,DELIVERED,SOUTH,False
99,170,2025-08-14 06:50:40,SHIPPED,CENTRAL,False
100,150,2025-04-02 18:40:57,DELIVERED,SOUTH,False
101,238,2024-08-13 15:17:44,PLACED,SOUTH,False
102,370,2025-12-23 03:32:56,CANCELLED,NORTH,False
103,332,2025-04-15 12:23:33,DELIVERED,EAST,False
104,270,2026-01-20 07:34:46,DELIVERED,WEST,False
105,80,2025-11-02 03:06:17,RETURNED,CENTRAL,False
106,354,2024-08-30 10:16:38,DELIVERED,CENTRAL,False
107,451,2024-12-15 00:00:00,DELIVERED,SOUTH,False
108,162,2025-04-07 14:13:57,PLACED,SOUTH,False
109,339,2025-04-13 00:21:07,DELIVERED,SOUTH,False
110,421,2025-12-13 00:00:00,DELIVERED,SOUTH,False
111,525,2026-06-09 09:32:10,PLACED,EAST,False
112,530,2026-03-14 12:53:11,DELIVERED,NORTH,False
113,291,2025-11-23 19:04:12,DELIVERED,WEST,False
114,175,2025-07-26 21:09:13,PLACED,CENTRAL,False
115,187,2025-11-10 07:34:59,SHIPPED,EAST,False
116,605,2026-05-22 18:56:37,PLACED,NORTH,False
117,517,2025-09-05 09:39:45,DELIVERED,SOUTH,False
118,40,2025-04-10 22:47:12,DELIVERED,NORTH,False
119,134,2026-03-04 20:19:28,PLACED,WEST,False
120,380,2025-06-07 13:01:54,DELIVERED,WEST,False
121,391,2026-02-02 14:26:34,RETURNED,CENTRAL,False
122,138,2026-04-11 04:28:41,RETURNED,NORTH,False
123,557,2025-03-15 19:45:22,DELIVERED,NORTH,False
124,121,2026-01-20 17:31:43,SHIPPED,EAST,False
125,110,2025-03-27 15:02:58,SHIPPED,CENTRAL,False
126,375,2025-09-04 14:41:31,DELIVERED,SOUTH,False
127,571,2025-01-08 06:57:46,DELIVERED,EAST,False
128,592,2025-12-22 21:32:41,DELIVERED,NORTH,False
129,458,2026-03-16 04:52:29,PLACED,CENTRAL,False
130,347,2026-05-19 20:18:42,DELIVERED,NORTH,False
131,6,2025-04-24 10:52:21,DELIVERED,CENTRAL,False
132,66,2026-07-18 10:36:00,DELIVERED,WEST,False
133,411,2025-03-02 00:41:45,DELIVERED,CENTRAL,False
134,180,2024-08-31 22:19:05,SHIPPED,CENTRAL,False
135,35,2026-07-28 16:08:14,DELIVERED,CENTRAL,False
136,37,2025-11-09 19:29:33,RETURNED,NORTH,False
137,410,2026-04-16 12:27:32,DELIVERED,CENTRAL,False
138,,2025-09-30 05:58:52,DELIVERED,CENTRAL,False
139,357,2025-05-20 17:29:39,SHIPPED,SOUTH,False
140,414,2025-10-17 22:25:24,DELIVERED,NORTH,False
141,516,2026-05-02 17:26:48,CANCELLED,EAST,False
142,589,2026-02-09 03:26:50,DELIVERED,WEST,False
143,348,2026-01-06 08:11:36,DELIVERED,CENTRAL,False
144,494,2025-03-26 00:00:00,DELIVERED,SOUTH,False
145,236,2024-09-01 06:17:45,DELIVERED,CENTRAL,False
146,,2025-06-07 11:34:04,PLACED,EAST,False
147,183,2025-08-07 05:55:30,CANCELLED,EAST,False
148,195,2025-01-29 18:02:06,DELIVERED,EAST,False
149,208,2025-07-05 06:24:36,DELIVERED,NORTH,False
150,81,2026-07-04 15:29:25,DELIVERED,CENTRAL,False
151,494,2025-01-14 01:03:57,CANCELLED,CENTRAL,False
152,503,2025-03-17 23:54:16,DELIVERED,WEST,False
153,591,2024-10-30 03:23:24,DELIVERED,CENTRAL,False
154,,2026-03-05 13:03:59,DELIVERED,WEST,False
155,531,2026-02-28 07:39:11,PLACED,SOUTH,False
156,104,2026-06-07 08:17:11,SHIPPED,CENTRAL,False
157,276,2025-06-29 07:50:22,DELIVERED,WEST,False
158,430,2024-08-27 08:56:59,CANCELLED,EAST,False
159,586,2025-07-27 17:37:28,SHIPPED,NORTH,False
160,242,2025-08-09 10:31:02,SHIPPED,SOUTH,False
161,10,2024-12-26 02:30:18,RETURNED,CENTRAL,False
162,324,2026-06-14 20:33:42,DELIVERED,CENTRAL,False
163,,2026-01-26 04:36:37,SHIPPED,EAST,False
164,99,2025-08-26 15:47:57,DELIVERED,CENTRAL,False
165,264,2026-02-26 16:04:52,DELIVERED,CENTRAL,False
166,590,2024-11-21 19:59:06,RETURNED,EAST,False
167,523,2026-05-07 23:45:59,CANCELLED,WEST,False
168,475,2026-04-01 17:08:35,SHIPPED,EAST,False
169,586,2026-06-25 08:47:20,PLACED,EAST,False
170,325,2025-12-16 11:41:16,DELIVERED,WEST,False
171,456,2024-11-14 02:32:19,DELIVERED,CENTRAL,False
172,424,2026-01-20 10:37:47,PLACED,SOUTH,False
173,82,2025-07-10 17:13:54,PLACED,WEST,False
174,27,2026-01-12 11:39:16,RETURNED,NORTH,False
175,160,2025-08-25 17:18:17,DELIVERED,SOUTH,False
176,291,2024-08-12 03:51:27,DELIVERED,SOUTH,False
177,,2026-06-21 05:05:45,SHIPPED,WEST,False
178,554,2025-12-24 00:52:37,PLACED,CENTRAL,False
179,468,2025-10-17 06:34:11,DELIVERED,CENTRAL,False
180,547,2024-10-11 18:22:40,DELIVERED,NORTH,False
181,375,2025-07-16 04:50:58,PLACED,CENTRAL,False
182,140,2024-09-11 20:42:20,PLACED,WEST,False
183,489,2025-08-24 10:19:25,DELIVERED,CENTRAL,False
184,8,2025-12-03 12:48:05,CANCELLED,WEST,False
185,168,2025-03-25 10:04:07,CANCELLED,SOUTH,False
186,433,2025-10-05 01:18:25,DELIVERED,CENTRAL,False
187,279,2025-03-25 04:08:41,CANCELLED,WEST,False
188,71,2026-05-22 20:17:53,DELIVERED,CENTRAL,False
189,504,2025-03-31 00:00:00,PLACED,CENTRAL,False
190,,2024-12-27 19:25:22,PLACED,WEST,False
191,239,2025-02-27 00:00:00,SHIPPED,WEST,False
192,511,2025-03-30 06:59:10,DELIVERED,EAST,False
193,150,2025-06-27 09:13:57,PLACED,WEST,False
194,257,2024-11-03 02:24:11,PLACED,SOUTH,False
195,454,2024-11-26 05:37:28,SHIPPED,NORTH,False
196,214,2025-02-25 01:04:32,SHIPPED,EAST,False
197,44,2024-08-20 07:16:43,PLACED,WEST,False
198,204,2025-11-07 00:00:00,DELIVERED,NORTH,False
199,445,2025-08-19 16:04:12,SHIPPED,NORTH,False
200,249,2026-08-12 15:19:31,DELIVERED,CENTRAL,True
201,92,2025-01-07 01:25:14,DELIVERED,EAST,False
202,62,2025-04-22 01:24:52,DELIVERED,NORTH,False
203,239,2025-03-29 19:19:47,DELIVERED,EAST,False
204,450,2024-11-20 00:00:00,DELIVERED,SOUTH,False
205,41,2026-01-05 16:11:46,SHIPPED,WEST,False
206,192,2025-03-04 01:55:06,DELIVERED,CENTRAL,False
207,568,2025-02-03 23:57:39,DELIVERED,EAST,False
208,465,2026-09-19 15:19:31,DELIVERED,NORTH,True
209,373,2024-09-30 04:48:03,DELIVERED,CENTRAL,False
210,195,2025-10-31 03:14:08,DELIVERED,CENTRAL,False
211,420,2025-04-13 14:24:46,DELIVERED,NORTH,False
212,,2025-06-29 05:37:21,PLACED,NORTH,False
213,102,2024-11-12 04:12:00,DELIVERED,WEST,False
214,605,2025-07-19 00:30:55,DELIVERED,NORTH,False
215,,2025-12-15 14:16:32,RETURNED,NORTH,False
216,63,2024-10-25 12:51:54,CANCELLED,EAST,False
217,60,2024-09-17 10:59:55,PLACED,NORTH,False
218,80,2025-06-16 16:23:52,PLACED,SOUTH,False
219,195,2024-12-17 21:38:57,DELIVERED,SOUTH,False
220,572,2025-10-18 14:43:07,DELIVERED,EAST,False
221,438,2025-10-16 03:43:22,SHIPPED,WEST,False
222,162,2026-04-11 23:12:48,RETURNED,EAST,False
223,333,2026-01-02 00:44:43,DELIVERED,EAST,False
224,577,2025-11-02 08:44:59,DELIVERED,EAST,False
225,464,2025-03-25 09:21:53,DELIVERED,EAST,False
226,531,2026-03-29 06:48:20,PLACED,SOUTH,False
227,323,2026-01-11 22:00:10,DELIVERED,EAST,False
228,524,2025-12-12 05:10:50,SHIPPED,NORTH,False
229,160,2025-09-02 20:36:25,DELIVERED,SOUTH,False
230,308,2026-07-21 09:55:43,RETURNED,NORTH,False
231,495,2026-02-12 05:07:39,DELIVERED,CENTRAL,False
232,98,2025-07-15 08:09:10,DELIVERED,CENTRAL,False
233,58,2024-11-13 10:22:36,CANCELLED,WEST,False
234,124,2026-03-25 22:19:08,DELIVERED,CENTRAL,False
235,392,2026-06-11 23:21:07,SHIPPED,CENTRAL,False
236,515,2025-07-17 05:23:37,DELIVERED,WEST,False
237,590,2025-07-07 22:53:17,SHIPPED,WEST,False
238,345,2025-12-22 03:44:40,PLACED,WEST,False
239,409,2026-01-09 22:58:10,PLACED,SOUTH,False
240,203,2025-07-15 02:54:52,SHIPPED,CENTRAL,False
241,537,2025-01-25 00:00:00,DELIVERED,EAST,False
242,590,2025-01-19 15:15:44,DELIVERED,EAST,False
243,353,2026-04-30 00:00:00,SHIPPED,EAST,False
244,453,2025-11-02 19:44:16,RETURNED,SOUTH,False
245,383,2026-06-06 23:39:24,PLACED,NORTH,False
246,152,2025-05-22 13:30:34,PLACED,NORTH,False
247,483,2026-01-02 05:06:46,DELIVERED,SOUTH,False
248,265,2025-12-08 01:25:57,RETURNED,NORTH,False
249,540,2026-03-08 08:17:41,SHIPPED,CENTRAL,False
250,477,2026-05-15 00:00:00,DELIVERED,EAST,False
251,369,2025-07-06 00:00:00,CANCELLED,WEST,False
252,390,2024-08-31 06:22:53,RETURNED,WEST,False
253,545,2025-07-22 09:08:20,RETURNED,CENTRAL,False
254,23,2025-04-22 21:05:49,SHIPPED,WEST,False
255,161,2026-09-22 15:19:31,DELIVERED,SOUTH,True
256,514,2025-07-12 00:00:00,SHIPPED,WEST,False
257,31,2024-12-11 22:12:57,SHIPPED,EAST,False
258,141,2026-02-21 02:59:14,RETURNED,CENTRAL,False
259,233,2025-10-24 16:33:40,DELIVERED,EAST,False
260,338,2024-11-10 05:12:56,DELIVERED,CENTRAL,False
261,208,2024-10-23 08:21:48,DELIVERED,CENTRAL,False
262,441,2026-03-29 08:45:00,PLACED,CENTRAL,False
263,326,2026-03-14 04:10:48,DELIVERED,SOUTH,False
264,150,2025-04-04 04:47:48,CANCELLED,WEST,False
265,311,2025-11-26 13:40:32,CANCELLED,EAST,False
266,193,2026-03-11 00:19:26,DELIVERED,CENTRAL,False
267,581,2025-09-02 07:38:41,SHIPPED,NORTH,False
268,489,2025-05-28 22:43:38,DELIVERED,EAST,False
269,397,2025-06-07 04:04:13,SHIPPED,NORTH,False
270,16,2025-11-05 16:41:05,SHIPPED,SOUTH,False
271,68,2025-09-13 10:11:03,DELIVERED,CENTRAL,False
272,333,2026-07-21 13:36:27,DELIVERED,NORTH,False
273,390,2025-05-16 12:41:28,RETURNED,CENTRAL,False
274,538,2025-04-15 01:02:32,PLACED,NORTH,False
275,44,2026-03-26 16:59:05,DELIVERED,NORTH,False
276,529,2025-10-14 20:24:40,SHIPPED,WEST,False
277,312,2026-03-05 02:01:17,SHIPPED,EAST,False
278,56,2025-06-23 04:13:03,DELIVERED,WEST,False
279,513,2026-03-07 06:50:25,RETURNED,CENTRAL,False
280,424,2025-09-10 00:00:00,DELIVERED,SOUTH,False
281,93,2025-01-28 15:56:58,RETURNED,SOUTH,False
282,127,2025-12-06 04:24:19,DELIVERED,NORTH,False
283,394,2024-10-05 01:24:45,DELIVERED,SOUTH,False
284,390,2026-06-20 03:15:11,SHIPPED,SOUTH,False
285,149,2025-10-02 14:11:55,DELIVERED,EAST,False
286,457,2025-07-30 15:10:27,CANCELLED,SOUTH,False
287,,2025-10-15 00:00:00,DELIVERED,WEST,False
288,6,2025-07-13 07:17:37,SHIPPED,WEST,False
289,453,2025-09-18 15:20:11,SHIPPED,CENTRAL,False
290,571,2026-04-01 15:07:07,SHIPPED,NORTH,False
291,38,2024-12-15 00:00:00,DELIVERED,CENTRAL,False
292,90,2026-07-08 09:53:42,SHIPPED,EAST,False
293,587,2024-09-29 00:07:58,DELIVERED,CENTRAL,False
294,37,2024-10-27 14:15:50,DELIVERED,WEST,False
295,438,2026-03-26 00:00:00,DELIVERED,NORTH,False
296,282,2026-02-23 14:37:37,SHIPPED,SOUTH,False
297,112,2025-05-12 22:41:28,DELIVERED,NORTH,False
298,295,2025-08-05 05:33:01,SHIPPED,CENTRAL,False
299,363,2025-12-04 09:29:49,DELIVERED,WEST,False
300,185,2024-10-14 06:59:11,SHIPPED,SOUTH,False
301,,2026-03-28 23:38:45,PLACED,SOUTH,False
302,425,2026-05-19 06:50:55,DELIVERED,SOUTH,False
303,,2026-05-30 23:15:21,DELIVERED,EAST,False
304,564,2025-11-16 00:00:00,DELIVERED,EAST,False
305,583,2024-08-09 00:00:00,SHIPPED,EAST,False
306,491,2024-11-24 08:07:25,DELIVERED,WEST,False
307,472,2024-11-26 03:47:46,SHIPPED,WEST,False
308,58,2025-09-01 05:31:38,DELIVERED,EAST,False
309,20,2025-05-21 00:47:38,DELIVERED,EAST,False
310,153,2025-10-05 00:00:00,RETURNED,CENTRAL,False
311,585,2024-12-30 02:08:18,PLACED,EAST,False
312,323,2025-12-19 23:49:49,PLACED,SOUTH,False
313,310,2025-03-28 10:14:40,PLACED,NORTH,False
314,95,2025-09-29 00:00:00,DELIVERED,CENTRAL,False
315,349,2026-06-07 05:39:50,DELIVERED,EAST,False
316,101,2025-03-19 15:01:55,DELIVERED,SOUTH,False
317,38,2026-06-29 05:52:18,DELIVERED,NORTH,False
318,46,2025-06-22 17:13:51,PLACED,WEST,False
319,106,2026-07-27 21:55:53,SHIPPED,CENTRAL,False
320,215,2025-04-17 15:17:14,SHIPPED,EAST,False
321,121,2024-10-13 09:08:57,PLACED,CENTRAL,False
322,105,2024-08-15 02:08:53,SHIPPED,SOUTH,False
323,291,2026-07-30 17:16:34,SHIPPED,EAST,False
324,52,2025-05-31 10:00:01,DELIVERED,NORTH,False
325,89,2024-11-10 08:03:01,DELIVERED,CENTRAL,False
326,457,2025-03-12 01:18:34,CANCELLED,CENTRAL,False
327,477,2025-05-05 20:50:37,CANCELLED,WEST,False
328,318,2025-09-14 02:35:45,DELIVERED,SOUTH,False
329,148,2024-09-16 23:12:28,RETURNED,WEST,False
330,339,2026-01-04 22:40:19,DELIVERED,NORTH,False
331,116,2026-03-31 16:51:28,SHIPPED,EAST,False
332,131,2025-04-28 13:54:34,DELIVERED,NORTH,False
333,73,2026-04-30 06:47:20,DELIVERED,WEST,False
334,250,2026-05-03 12:29:06,DELIVERED,EAST,False
335,606,2025-01-27 23:56:26,DELIVERED,EAST,False
336,242,2026-01-04 02:49:20,DELIVERED,CENTRAL,False
337,118,2025-05-24 03:55:41,DELIVERED,WEST,False
338,416,2025-03-29 13:03:38,CANCELLED,WEST,False
339,63,2025-05-15 18:41:20,CANCELLED,NORTH,False
340,153,2025-05-14 21:13:13,DELIVERED,WEST,False
341,325,2025-09-11 08:33:58,DELIVERED,WEST,False
342,353,2025-12-06 02:13:09,DELIVERED,CENTRAL,False
343,131,2025-07-22 00:00:00,RETURNED,NORTH,False
344,,2024-12-24 15:42:28,PLACED,EAST,False
345,241,2025-05-17 02:20:28,DELIVERED,WEST,False
346,446,2026-06-15 11:22:50,DELIVERED,SOUTH,False
347,369,2026-04-14 17:37:40,RETURNED,SOUTH,False
348,74,2024-11-29 20:20:43,CANCELLED,WEST,False
349,140,2026-08-07 18:43:33,DELIVERED,WEST,False
350,436,2025-12-11 15:04:55,DELIVERED,WEST,False
351,232,2024-11-15 05:53:34,DELIVERED,SOUTH,False
352,276,2024-09-30 13:37:17,DELIVERED,NORTH,False
353,378,2024-08-20 15:11:12,DELIVERED,SOUTH,False
354,540,2026-01-18 01:58:42,DELIVERED,WEST,False
355,536,2025-07-30 16:25:10,DELIVERED,NORTH,False
356,553,2025-06-24 04:26:08,PLACED,EAST,False
357,12,2026-08-02 11:49:32,DELIVERED,EAST,False
358,302,2024-10-10 00:00:00,RETURNED,EAST,False
359,578,2025-11-21 07:17:58,DELIVERED,CENTRAL,False
360,299,2025-06-08 22:23:01,SHIPPED,NORTH,False
361,79,2025-07-08 06:40:50,PLACED,EAST,False
362,264,2026-08-17 15:19:31,RETURNED,SOUTH,True
363,379,2026-03-08 10:55:11,DELIVERED,WEST,False
364,541,2025-10-24 16:22:24,PLACED,SOUTH,False
365,158,2025-06-16 03:02:47,DELIVERED,WEST,False
366,451,2024-12-18 11:55:35,DELIVERED,EAST,False
367,271,2025-08-16 06:37:22,SHIPPED,WEST,False
368,488,2025-09-16 10:04:53,DELIVERED,WEST,False
369,400,2025-07-03 21:47:29,CANCELLED,NORTH,False
370,460,2025-04-25 16:52:51,DELIVERED,NORTH,False
371,545,2024-12-22 21:00:16,DELIVERED,EAST,False
372,274,2025-10-24 18:53:36,DELIVERED,WEST,False
373,248,2025-10-05 07:56:44,SHIPPED,EAST,False
374,185,2026-04-19 00:00:00,PLACED,NORTH,False
375,,2025-01-29 02:23:31,DELIVERED,SOUTH,False
376,258,2025-08-10 00:00:00,PLACED,CENTRAL,False
377,223,2025-06-05 06:24:59,DELIVERED,NORTH,False
378,134,2025-09-12 02:55:47,DELIVERED,SOUTH,False
379,189,2025-05-04 05:20:51,RETURNED,WEST,False
380,284,2026-07-24 17:43:28,DELIVERED,EAST,False
381,76,2025-09-28 00:00:00,DELIVERED,NORTH,False
382,272,2026-01-06 00:00:00,RETURNED,SOUTH,False
383,183,2024-10-30 19:44:55,DELIVERED,WEST,False
384,109,2025-07-26 21:48:32,PLACED,NORTH,False
385,257,2025-12-26 00:00:00,DELIVERED,NORTH,False
386,400,2024-11-20 22:48:53,RETURNED,CENTRAL,False
387,,2026-01-25 08:29:10,DELIVERED,WEST,False
388,72,2026-07-28 00:00:00,RETURNED,WEST,False
389,549,2026-07-28 17:00:25,DELIVERED,WEST,False
390,93,2026-03-01 02:34:37,SHIPPED,WEST,False
391,297,2025-07-14 18:50:44,PLACED,WEST,False
392,307,2024-10-05 07:22:36,DELIVERED,EAST,False
393,449,2026-05-21 05:22:34,SHIPPED,CENTRAL,False
394,399,2024-10-12 18:24:15,SHIPPED,CENTRAL,False
395,461,2025-07-20 00:00:00,SHIPPED,EAST,False
396,44,2026-02-01 22:41:24,DELIVERED,CENTRAL,False
397,550,2026-07-11 17:16:14,RETURNED,NORTH,False
398,501,2024-10-05 04:41:59,RETURNED,NORTH,False
399,134,2026-09-19 00:00:00,SHIPPED,NORTH,True
400,175,2025-11-15 00:00:00,CANCELLED,NORTH,False
401,226,2026-03-15 03:40:49,SHIPPED,WEST,False
402,590,2025-03-25 10:24:01,RETURNED,SOUTH,False
403,608,2024-09-16 00:00:00,SHIPPED,WEST,False
404,379,2025-04-17 02:41:30,RETURNED,NORTH,False
405,386,2026-02-28 00:00:00,DELIVERED,NORTH,False
406,,2025-07-17 15:47:17,DELIVERED,EAST,False
407,488,2025-08-18 15:34:07,DELIVERED,CENTRAL,False
408,245,2025-07-17 22:09:44,PLACED,SOUTH,False
409,91,2026-01-27 04:41:22,SHIPPED,NORTH,False
410,197,2025-06-12 16:51:27,PLACED,EAST,False
411,553,2026-07-11 20:15:20,DELIVERED,SOUTH,False
412,199,2026-03-15 05:52:17,CANCELLED,WEST,False
413,164,2025-03-08 00:00:00,DELIVERED,EAST,False
414,258,2024-09-03 23:07:40,DELIVERED,NORTH,False
415,54,2026-06-14 07:01:22,DELIVERED,WEST,False
416,73,2026-02-07 14:22:10,DELIVERED,EAST,False
417,334,2026-01-22 04:43:27,SHIPPED,SOUTH,False
418,205,2025-09-24 22:25:59,DELIVERED,WEST,False
419,447,2024-09-23 00:33:07,DELIVERED,WEST,False
420,469,2025-07-20 19:01:42,RETURNED,SOUTH,False
421,33,2024-12-10 00:00:00,PLACED,WEST,False
422,176,2024-09-15 20:46:49,SHIPPED,SOUTH,False
423,175,2026-08-02 14:24:21,SHIPPED,WEST,False
424,501,2026-03-23 00:58:40,DELIVERED,WEST,False
425,439,2025-11-08 05:01:52,SHIPPED,CENTRAL,False
426,606,2025-03-06 16:07:10,CANCELLED,WEST,False
427,42,2024-10-08 10:20:02,DELIVERED,WEST,False
428,491,2025-08-13 11:40:24,PLACED,WEST,False
429,572,2026-04-23 02:56:05,DELIVERED,SOUTH,False
430,303,2025-02-28 02:55:01,PLACED,EAST,False
431,471,2024-11-13 23:24:40,PLACED,WEST,False
432,142,2025-03-02 09:40:13,DELIVERED,EAST,False
433,2,2026-04-27 00:00:00,CANCELLED,EAST,False
434,304,2024-08-19 12:48:20,RETURNED,CENTRAL,False
435,213,2024-10-29 15:26:09,CANCELLED,NORTH,False
436,373,2024-12-14 17:03:05,DELIVERED,CENTRAL,False
437,,2025-10-15 10:26:06,DELIVERED,CENTRAL,False
438,210,2024-11-27 13:26:32,DELIVERED,WEST,False
439,595,2025-07-01 10:18:51,DELIVERED,SOUTH,False
440,274,2026-03-22 06:28:49,PLACED,EAST,False
441,498,2025-02-15 23:57:36,DELIVERED,CENTRAL,False
442,546,2026-01-03 01:27:14,DELIVERED,NORTH,False
443,469,2025-07-29 09:09:50,SHIPPED,NORTH,False
444,283,2026-03-16 02:00:41,SHIPPED,SOUTH,False
445,24,2026-04-30 20:13:42,DELIVERED,SOUTH,False
446,431,2025-04-16 14:27:06,SHIPPED,NORTH,False
447,,2024-10-09 19:29:28,DELIVERED,EAST,False
448,352,2024-11-23 03:06:26,DELIVERED,CENTRAL,False
449,456,2026-06-22 09:13:32,CANCELLED,EAST,False
450,267,2024-11-29 18:17:39,SHIPPED,NORTH,False
451,292,2025-08-06 10:31:56,RETURNED,CENTRAL,False
452,180,2026-08-04 22:52:14,DELIVERED,SOUTH,False
453,120,2026-02-22 21:31:24,PLACED,EAST,False
454,211,2025-01-29 00:00:00,SHIPPED,EAST,False
455,460,2025-06-26 16:55:03,SHIPPED,NORTH,False
456,512,2025-11-17 21:27:29,RETURNED,SOUTH,False
457,,2025-01-10 04:26:40,SHIPPED,EAST,False
458,297,2026-01-27 14:16:18,RETURNED,SOUTH,False
459,453,2025-04-18 05:30:25,DELIVERED,NORTH,False
460,565,2025-11-21 00:00:00,DELIVERED,SOUTH,False
461,95,2026-02-12 00:35:12,SHIPPED,CENTRAL,False
462,285,2024-11-01 21:21:46,CANCELLED,NORTH,False
463,404,2024-12-09 14:05:41,DELIVERED,NORTH,False
464,370,2025-05-27 10:24:27,DELIVERED,WEST,False
465,292,2025-03-17 07:13:44,DELIVERED,CENTRAL,False
466,455,2026-02-05 04:57:30,DELIVERED,SOUTH,False
467,435,2026-02-09 19:00:33,CANCELLED,CENTRAL,False
468,213,2025-09-02 03:42:17,DELIVERED,EAST,False
469,605,2025-05-13 14:17:25,DELIVERED,EAST,False
470,570,2026-01-06 14:10:57,RETURNED,SOUTH,False
471,391,2025-07-21 20:04:55,CANCELLED,EAST,False
472,312,2024-11-23 04:30:08,SHIPPED,NORTH,False
473,308,2026-05-06 21:05:48,DELIVERED,EAST,False
474,504,2024-08-17 19:46:56,PLACED,EAST,False
475,69,2026-06-17 11:25:31,DELIVERED,WEST,False
476,488,2025-07-03 00:18:46,DELIVERED,CENTRAL,False
477,,2025-12-17 18:49:33,PLACED,WEST,False
478,139,2026-07-12 00:00:00,DELIVERED,EAST,False
479,,2025-12-20 23:39:53,PLACED,SOUTH,False
480,188,2024-09-08 02:54:23,SHIPPED,EAST,False
481,309,2026-06-10 12:41:38,DELIVERED,CENTRAL,False
482,148,2026-09-12 15:19:31,DELIVERED,WEST,True
483,167,2025-11-17 18:49:10,SHIPPED,SOUTH,False
484,573,2026-07-08 15:09:29,DELIVERED,CENTRAL,False
485,117,2025-06-20 13:40:04,PLACED,SOUTH,False
486,492,2026-06-10 18:28:38,PLACED,WEST,False
487,536,2026-04-28 04:05:05,DELIVERED,NORTH,False
488,122,2025-04-10 20:17:35,PLACED,SOUTH,False
489,215,2025-02-20 00:00:00,DELIVERED,NORTH,False
490,496,2024-10-19 00:00:00,PLACED,CENTRAL,False
491,481,2025-11-30 03:26:15,PLACED,NORTH,False
492,127,2025-05-21 21:19:31,RETURNED,SOUTH,False
493,30,2026-02-24 22:19:03,RETURNED,CENTRAL,False
494,165,2026-02-07 08:30:27,DELIVERED,CENTRAL,False
495,102,2026-01-27 13:26:10,DELIVERED,SOUTH,False
496,176,2025-10-13 05:02:13,RETURNED,NORTH,False
497,517,2024-12-29 13:08:55,DELIVERED,SOUTH,False
498,110,2025-04-12 15:03:21,DELIVERED,SOUTH,False
499,418,2025-12-26 09:26:00,PLACED,NORTH,False
500,508,2024-12-18 14:01:03,DELIVERED,NORTH,False
501,506,2025-09-13 04:17:08,DELIVERED,EAST,False
502,455,2025-12-13 15:02:40,RETURNED,WEST,False
503,72,2026-04-08 16:35:10,RETURNED,EAST,False
504,504,2024-08-17 21:30:25,DELIVERED,NORTH,False
505,405,2024-10-19 12:36:46,PLACED,SOUTH,False
506,204,2024-10-24 01:27:28,RETURNED,NORTH,False
507,435,2025-06-30 21:50:59,DELIVERED,CENTRAL,False
508,410,2025-01-16 10:30:25,RETURNED,WEST,False
509,151,2025-03-04 02:25:57,SHIPPED,WEST,False
510,138,2024-12-28 04:46:58,CANCELLED,WEST,False
511,184,2024-08-26 11:18:38,SHIPPED,CENTRAL,False
512,79,2024-10-15 07:40:32,DELIVERED,WEST,False
513,510,2026-06-25 17:13:57,SHIPPED,CENTRAL,False
514,33,2025-12-01 19:05:53,PLACED,WEST,False
515,386,2026-04-11 00:00:00,SHIPPED,EAST,False
516,169,2026-07-04 11:19:17,DELIVERED,WEST,False
517,583,2025-11-18 06:22:05,DELIVERED,CENTRAL,False
518,576,2026-01-08 09:26:17,DELIVERED,WEST,False
519,387,2024-11-04 19:11:10,RETURNED,EAST,False
520,605,2026-04-26 18:30:52,SHIPPED,CENTRAL,False
521,,2024-11-12 01:16:36,PLACED,EAST,False
522,422,2025-12-01 15:24:03,SHIPPED,EAST,False
523,68,2026-05-28 12:22:16,SHIPPED,CENTRAL,False
524,472,2025-09-26 15:51:06,DELIVERED,WEST,False
525,481,2026-07-16 15:41:12,DELIVERED,WEST,False
526,101,2026-05-25 16:04:32,DELIVERED,EAST,False
527,348,2025-12-30 07:40:15,RETURNED,SOUTH,False
528,78,2025-02-10 05:09:57,SHIPPED,NORTH,False
529,588,2025-07-16 06:14:46,DELIVERED,NORTH,False
530,593,2026-06-24 00:29:59,PLACED,CENTRAL,False
531,215,2025-11-18 00:00:00,CANCELLED,CENTRAL,False
532,444,2026-06-14 04:03:28,DELIVERED,EAST,False
533,465,2025-02-27 01:13:45,CANCELLED,CENTRAL,False
534,591,2025-06-17 01:28:23,CANCELLED,WEST,False
535,546,2026-05-31 01:37:52,RETURNED,CENTRAL,False
536,62,2026-02-22 12:58:50,PLACED,SOUTH,False
537,308,2025-04-02 09:34:16,CANCELLED,NORTH,False
538,423,2024-12-05 11:18:57,SHIPPED,CENTRAL,False
539,245,2024-10-02 05:05:10,SHIPPED,EAST,False
540,574,2026-02-27 19:39:13,RETURNED,SOUTH,False
541,140,2025-05-15 18:51:13,SHIPPED,CENTRAL,False
542,44,2025-04-09 03:44:54,PLACED,NORTH,False
543,306,2024-09-22 00:43:28,DELIVERED,EAST,False
544,93,2026-07-08 05:01:32,CANCELLED,SOUTH,False
545,513,2025-02-18 11:46:56,CANCELLED,CENTRAL,False
546,93,2025-06-26 23:45:06,CANCELLED,EAST,False
547,400,2025-08-03 08:26:08,RETURNED,SOUTH,False
548,180,2026-06-18 11:20:04,DELIVERED,CENTRAL,False
549,547,2025-10-28 23:19:29,SHIPPED,WEST,False
550,253,2024-12-17 12:10:03,RETURNED,EAST,False
551,377,2025-08-03 00:00:00,RETURNED,CENTRAL,False
552,,2024-11-22 06:06:38,PLACED,SOUTH,False
553,394,2026-02-21 16:24:47,DELIVERED,NORTH,False
554,243,2025-01-15 16:27:09,RETURNED,WEST,False
555,262,2025-11-22 02:30:04,DELIVERED,EAST,False
556,165,2026-06-06 19:13:55,CANCELLED,WEST,False
557,281,2026-01-13 17:51:36,RETURNED,WEST,False
558,341,2024-10-23 14:35:07,CANCELLED,SOUTH,False
559,519,2024-10-01 10:11:42,DELIVERED,CENTRAL,False
560,465,2025-09-30 12:20:37,DELIVERED,SOUTH,False
561,140,2026-08-22 15:19:31,SHIPPED,NORTH,True
562,256,2025-02-08 05:08:24,CANCELLED,SOUTH,False
563,421,2025-06-30 20:47:43,DELIVERED,SOUTH,False
564,608,2026-05-26 01:01:48,SHIPPED,WEST,False
565,403,2024-11-25 21:26:49,CANCELLED,SOUTH,False
566,,2025-11-19 21:51:21,DELIVERED,SOUTH,False
567,474,2026-06-21 14:51:00,SHIPPED,WEST,False
568,267,2025-12-07 15:21:20,SHIPPED,CENTRAL,False
569,539,2025-02-19 18:50:30,DELIVERED,WEST,False
570,209,2026-01-02 12:50:13,DELIVERED,EAST,False
571,392,2026-05-31 23:07:32,DELIVERED,EAST,False
572,194,2025-10-02 22:07:20,PLACED,EAST,False
573,242,2025-08-20 15:15:09,DELIVERED,WEST,False
574,481,2026-06-26 17:52:30,DELIVERED,SOUTH,False
575,434,2025-08-02 14:09:42,PLACED,NORTH,False
576,241,2025-06-23 16:33:32,DELIVERED,CENTRAL,False
577,47,2026-09-11 15:19:31,SHIPPED,WEST,True
578,136,2026-04-17 17:16:11,DELIVERED,EAST,False
579,505,2026-03-02 14:49:06,PLACED,EAST,False
580,444,2026-03-05 20:44:25,PLACED,SOUTH,False
581,288,2025-09-07 17:04:57,SHIPPED,EAST,False
582,271,2024-08-11 13:47:17,SHIPPED,WEST,False
583,155,2026-07-07 03:35:55,DELIVERED,WEST,False
584,153,2026-03-29 16:10:45,DELIVERED,SOUTH,False
585,447,2025-07-27 07:09:39,DELIVERED,WEST,False
586,575,2025-09-27 12:27:10,CANCELLED,SOUTH,False
587,96,2026-06-23 04:30:57,CANCELLED,CENTRAL,False
588,577,2025-04-28 08:11:20,DELIVERED,NORTH,False
589,585,2025-12-20 05:25:19,SHIPPED,WEST,False
590,337,2025-05-28 19:11:29,DELIVERED,WEST,False
591,109,2025-11-14 00:30:13,PLACED,WEST,False
592,276,2026-07-10 00:00:00,RETURNED,CENTRAL,False
593,333,2024-10-14 09:20:06,RETURNED,CENTRAL,False
594,50,2025-09-03 16:37:00,DELIVERED,NORTH,False
595,391,2026-07-12 02:17:25,SHIPPED,WEST,False
596,214,2024-10-06 22:20:06,SHIPPED,SOUTH,False
597,503,2025-07-10 21:58:54,RETURNED,CENTRAL,False
598,99,2026-02-20 01:51:25,DELIVERED,WEST,False
599,577,2025-11-25 08:35:37,DELIVERED,EAST,False
600,445,2024-12-16 04:11:33,DELIVERED,WEST,False
601,159,2024-09-06 21:20:26,DELIVERED,NORTH,False
602,448,2025-05-16 18:46:42,SHIPPED,SOUTH,False
603,308,2024-12-26 16:22:51,SHIPPED,NORTH,False
604,47,2025-12-30 11:40:45,DELIVERED,WEST,False
605,583,2026-05-26 00:07:26,DELIVERED,CENTRAL,False
606,,2025-11-12 19:28:50,DELIVERED,WEST,False
607,,2025-04-28 14:11:55,SHIPPED,WEST,False
608,461,2024-10-10 03:34:25,RETURNED,SOUTH,False
609,81,2025-11-14 09:35:53,CANCELLED,NORTH,False
610,19,2026-08-17 00:00:00,DELIVERED,WEST,True
611,499,2026-01-28 07:09:21,DELIVERED,WEST,False
612,90,2024-11-19 00:00:00,PLACED,NORTH,False
613,193,2024-12-28 05:00:50,DELIVERED,SOUTH,False
614,552,2026-01-16 21:55:28,DELIVERED,WEST,False
615,120,2025-10-16 07:02:23,DELIVERED,WEST,False
616,461,2025-08-01 12:47:43,DELIVERED,WEST,False
617,9,2024-09-24 04:09:42,DELIVERED,WEST,False
618,593,2025-09-08 00:30:15,SHIPPED,WEST,False
619,526,2025-03-21 22:47:43,DELIVERED,WEST,False
620,63,2025-09-03 04:35:09,SHIPPED,NORTH,False
621,428,2026-04-10 13:28:51,DELIVERED,EAST,False
622,447,2025-07-03 08:50:41,SHIPPED,EAST,False
623,520,2026-08-06 14:16:56,SHIPPED,CENTRAL,False
624,480,2024-09-05 05:13:11,DELIVERED,WEST,False
625,369,2024-09-19 02:31:30,CANCELLED,CENTRAL,False
626,89,2026-03-07 14:45:37,SHIPPED,CENTRAL,False
627,426,2024-09-09 10:24:32,SHIPPED,CENTRAL,False
628,,2026-10-05 15:19:31,DELIVERED,SOUTH,True
629,516,2024-11-03 00:00:00,DELIVERED,CENTRAL,False
630,576,2026-03-21 17:33:36,SHIPPED,EAST,False
631,571,2025-12-09 14:52:35,DELIVERED,CENTRAL,False
632,107,2025-07-09 23:44:04,DELIVERED,WEST,False
633,114,2025-12-17 11:32:24,DELIVERED,NORTH,False
634,43,2026-05-09 18:49:52,PLACED,SOUTH,False
635,161,2024-11-25 23:11:19,DELIVERED,WEST,False
636,102,2025-10-06 08:36:58,CANCELLED,NORTH,False
637,450,2026-06-15 17:13:55,PLACED,WEST,False
638,518,2024-09-05 02:19:36,DELIVERED,WEST,False
639,252,2024-11-20 14:06:05,DELIVERED,SOUTH,False
640,440,2025-11-29 18:27:56,DELIVERED,CENTRAL,False
641,371,2025-07-19 09:00:06,DELIVERED,CENTRAL,False
642,87,2026-06-10 18:04:30,DELIVERED,WEST,False
643,38,2024-09-11 14:46:42,RETURNED,NORTH,False
644,533,2026-01-03 10:36:15,CANCELLED,CENTRAL,False
645,322,2024-11-12 00:00:00,SHIPPED,CENTRAL,False
646,151,2024-12-12 23:35:32,SHIPPED,CENTRAL,False
647,453,2024-09-14 15:38:41,DELIVERED,WEST,False
648,309,2025-03-21 15:53:45,DELIVERED,SOUTH,False
649,554,2026-03-11 22:31:18,DELIVERED,CENTRAL,False
650,164,2025-07-08 09:24:52,DELIVERED,EAST,False
651,312,2024-12-11 20:14:58,PLACED,NORTH,False
652,266,2025-10-14 21:40:42,PLACED,NORTH,False
653,587,2026-03-29 13:05:07,RETURNED,CENTRAL,False
654,547,2024-10-25 19:57:10,SHIPPED,CENTRAL,False
655,387,2025-08-07 07:29:11,SHIPPED,CENTRAL,False
656,370,2026-03-15 22:33:42,DELIVERED,WEST,False
657,64,2025-01-17 06:46:36,SHIPPED,NORTH,False
658,539,2026-03-19 19:05:54,DELIVERED,EAST,False
659,434,2025-06-16 11:56:24,RETURNED,WEST,False
660,148,2026-03-24 23:00:08,DELIVERED,CENTRAL,False
661,121,2026-07-27 15:08:13,PLACED,SOUTH,False
662,379,2025-12-17 17:09:01,CANCELLED,NORTH,False
663,586,2025-04-03 00:08:11,PLACED,EAST,False
664,311,2026-07-22 00:00:00,PLACED,CENTRAL,False
665,313,2025-10-03 21:22:56,CANCELLED,WEST,False
666,,2024-11-17 00:00:00,PLACED,WEST,False
667,580,2026-04-12 03:38:36,DELIVERED,CENTRAL,False
668,142,2026-03-11 12:04:59,DELIVERED,WEST,False
669,334,2026-02-18 09:52:54,DELIVERED,WEST,False
670,405,2025-10-16 00:00:00,DELIVERED,WEST,False
671,91,2025-04-11 05:41:44,DELIVERED,EAST,False
672,127,2024-11-05 08:39:26,RETURNED,CENTRAL,False
673,55,2024-11-20 07:54:03,DELIVERED,CENTRAL,False
674,124,2025-06-08 10:05:29,RETURNED,EAST,False
675,252,2025-12-30 18:55:43,DELIVERED,NORTH,False
676,329,2025-09-17 00:00:00,CANCELLED,NORTH,False
677,185,2025-06-25 14:12:11,SHIPPED,EAST,False
678,102,2026-06-16 08:18:15,SHIPPED,NORTH,False
679,418,2024-09-07 00:00:00,RETURNED,SOUTH,False
680,,2024-10-21 04:23:37,SHIPPED,WEST,False
681,265,2026-04-20 03:25:54,PLACED,SOUTH,False
682,601,2025-10-30 12:50:08,DELIVERED,NORTH,False
683,326,2026-02-28 05:23:44,DELIVERED,WEST,False
684,20,2024-08-20 13:49:43,DELIVERED,SOUTH,False
685,129,2025-07-30 21:05:07,PLACED,CENTRAL,False
686,146,2024-08-13 19:07:22,DELIVERED,CENTRAL,False
687,569,2024-12-18 00:00:00,DELIVERED,CENTRAL,False
688,172,2026-10-08 15:19:31,SHIPPED,EAST,True
689,390,2024-10-13 06:35:12,SHIPPED,CENTRAL,False
690,166,2025-11-28 06:04:29,SHIPPED,WEST,False
691,144,2026-05-19 00:46:32,CANCELLED,SOUTH,False
692,326,2025-06-09 04:48:49,DELIVERED,WEST,False
693,330,2026-03-21 22:57:41,DELIVERED,NORTH,False
694,137,2026-02-24 00:00:00,DELIVERED,NORTH,False
695,424,2025-12-27 21:53:57,DELIVERED,WEST,False
696,80,2025-01-06 18:06:26,CANCELLED,WEST,False
697,362,2025-11-19 12:55:20,DELIVERED,WEST,False
698,9,2025-08-26 06:18:47,SHIPPED,NORTH,False
699,21,2025-06-06 03:20:26,DELIVERED,SOUTH,False
700,311,2026-06-25 09:56:31,RETURNED,EAST,False
701,,2025-10-29 03:27:51,DELIVERED,NORTH,False
702,406,2024-09-05 15:21:44,DELIVERED,SOUTH,False
703,580,2024-12-18 15:29:13,SHIPPED,CENTRAL,False
704,67,2025-08-09 07:35:43,CANCELLED,CENTRAL,False
705,281,2026-07-04 07:58:29,RETURNED,CENTRAL,False
706,574,2025-11-10 00:00:00,DELIVERED,NORTH,False
707,331,2026-03-03 19:40:31,SHIPPED,CENTRAL,False
708,371,2025-04-20 00:00:00,DELIVERED,NORTH,False
709,431,2024-08-12 11:55:30,DELIVERED,EAST,False
710,586,2025-01-28 06:54:54,SHIPPED,WEST,False
711,256,2024-11-02 23:53:45,PLACED,NORTH,False
712,,2025-08-31 00:00:00,DELIVERED,EAST,False
713,254,2024-10-18 01:17:19,SHIPPED,NORTH,False
714,533,2025-04-30 12:29:06,DELIVERED,CENTRAL,False
715,98,2026-02-16 03:32:24,PLACED,NORTH,False
716,387,2025-09-07 09:58:00,PLACED,SOUTH,False
717,453,2025-01-16 08:02:57,DELIVERED,NORTH,False
718,573,2026-02-22 20:53:00,DELIVERED,CENTRAL,False
719,239,2025-12-03 18:48:45,DELIVERED,WEST,False
720,439,2025-02-27 01:59:00,SHIPPED,NORTH,False
721,337,2024-12-28 15:59:37,PLACED,NORTH,False
722,199,2026-03-14 01:38:29,DELIVERED,EAST,False
723,456,2025-12-22 17:10:11,PLACED,SOUTH,False
724,447,2026-07-17 16:22:36,DELIVERED,CENTRAL,False
725,150,2025-07-21 16:59:00,SHIPPED,EAST,False
726,531,2024-12-15 23:01:47,PLACED,CENTRAL,False
727,573,2025-12-11 16:25:27,SHIPPED,SOUTH,False
728,207,2024-09-09 15:41:14,DELIVERED,WEST,False
729,340,2025-11-23 05:11:45,SHIPPED,EAST,False
730,167,2025-03-05 09:25:10,RETURNED,WEST,False
731,4,2025-06-22 16:15:35,DELIVERED,SOUTH,False
732,340,2025-04-10 08:29:53,DELIVERED,NORTH,False
733,76,2026-03-20 07:22:22,PLACED,WEST,False
734,600,2026-02-14 03:51:02,RETURNED,SOUTH,False
735,179,2024-09-09 19:13:35,SHIPPED,CENTRAL,False
736,201,2026-02-01 00:26:19,RETURNED,NORTH,False
737,141,2026-06-15 18:01:49,PLACED,SOUTH,False
738,246,2024-12-15 15:22:56,SHIPPED,CENTRAL,False
739,445,2026-03-05 00:00:00,PLACED,SOUTH,False
740,197,2025-07-29 11:40:07,SHIPPED,WEST,False
741,251,2024-11-01 22:36:09,DELIVERED,CENTRAL,False
742,153,2026-05-24 00:00:00,DELIVERED,SOUTH,False
743,599,2026-01-18 03:05:52,PLACED,WEST,False
744,67,2025-10-16 02:51:14,CANCELLED,CENTRAL,False
745,532,2025-04-04 06:35:43,DELIVERED,WEST,False
746,507,2025-01-01 08:13:09,DELIVERED,CENTRAL,False
747,213,2025-12-16 14:03:33,CANCELLED,WEST,False
748,436,2025-04-04 01:33:27,RETURNED,EAST,False
749,87,2026-03-01 04:25:33,DELIVERED,EAST,False
750,43,2025-04-04 09:23:56,DELIVERED,WEST,False
751,377,2024-10-19 19:01:06,DELIVERED,SOUTH,False
752,272,2026-01-30 01:38:48,PLACED,CENTRAL,False
753,81,2026-05-06 14:14:03,PLACED,NORTH,False
754,560,2025-05-10 11:27:31,SHIPPED,EAST,False
755,282,2025-01-17 08:21:31,PLACED,CENTRAL,False
756,9,2025-07-19 04:58:49,SHIPPED,WEST,False
757,594,2025-07-29 00:00:00,DELIVERED,SOUTH,False
758,234,2026-05-21 15:25:41,DELIVERED,CENTRAL,False
759,566,2024-11-23 00:50:45,DELIVERED,NORTH,False
760,193,2026-06-17 23:04:36,DELIVERED,WEST,False
761,572,2025-07-07 12:29:12,CANCELLED,EAST,False
762,10,2025-05-19 02:17:39,DELIVERED,SOUTH,False
763,414,2024-11-16 19:11:07,SHIPPED,CENTRAL,False
764,,2026-01-16 23:21:55,SHIPPED,EAST,False
765,588,2025-11-13 20:05:46,SHIPPED,WEST,False
766,396,2026-07-22 18:46:58,DELIVERED,WEST,False
767,312,2025-01-03 20:52:10,DELIVERED,NORTH,False
768,501,2024-11-10 02:01:15,RETURNED,WEST,False
769,239,2025-12-27 19:18:28,DELIVERED,EAST,False
770,176,2024-09-21 17:35:26,DELIVERED,NORTH,False
771,429,2024-11-16 00:00:00,RETURNED,SOUTH,False
772,211,2026-04-23 06:32:53,DELIVERED,SOUTH,False
773,318,2025-07-10 03:23:27,DELIVERED,EAST,False
774,147,2024-12-12 05:13:28,DELIVERED,SOUTH,False
775,583,2025-04-17 03:12:53,DELIVERED,NORTH,False
776,468,2026-05-18 15:54:06,DELIVERED,WEST,False
777,180,2025-10-24 02:27:41,DELIVERED,WEST,False
778,188,2026-03-08 21:45:49,DELIVERED,NORTH,False
779,162,2025-11-18 04:54:04,SHIPPED,NORTH,False
780,223,2025-10-29 20:49:20,DELIVERED,NORTH,False
781,79,2024-12-11 07:01:57,DELIVERED,WEST,False
782,259,2026-07-18 00:00:00,PLACED,WEST,False
783,409,2026-04-25 17:19:31,PLACED,NORTH,False
784,140,2024-10-11 07:49:54,DELIVERED,NORTH,False
785,249,2026-04-27 03:51:28,DELIVERED,EAST,False
786,175,2025-08-01 12:27:35,SHIPPED,NORTH,False
787,401,2026-08-06 11:18:52,PLACED,EAST,False
788,367,2025-10-15 07:07:01,CANCELLED,CENTRAL,False
789,49,2026-04-12 13:29:42,DELIVERED,NORTH,False
790,316,2025-03-01 02:05:42,PLACED,WEST,False
791,256,2026-01-24 10:07:34,PLACED,WEST,False
792,,2026-10-01 15:19:31,DELIVERED,SOUTH,True
793,99,2026-01-28 22:08:22,SHIPPED,SOUTH,False
794,,2025-02-05 08:01:40,SHIPPED,SOUTH,False
795,555,2025-04-05 05:48:02,SHIPPED,NORTH,False
796,178,2026-09-20 15:19:31,DELIVERED,WEST,True
797,286,2025-10-06 10:44:35,PLACED,SOUTH,False
798,512,2026-05-22 14:48:41,DELIVERED,CENTRAL,False
799,98,2025-10-15 10:27:41,DELIVERED,SOUTH,False
800,326,2024-11-25 23:28:14,PLACED,NORTH,False
801,600,2025-10-02 05:39:07,DELIVERED,CENTRAL,False
802,14,2024-08-12 20:49:22,CANCELLED,EAST,False
803,439,2026-07-26 03:55:17,PLACED,EAST,False
804,207,2024-09-07 10:05:41,PLACED,CENTRAL,False
805,455,2025-07-18 23:03:40,SHIPPED,NORTH,False
806,425,2026-02-21 14:38:36,PLACED,EAST,False
807,211,2024-09-02 17:13:28,DELIVERED,SOUTH,False
808,228,2025-09-01 03:10:35,SHIPPED,WEST,False
809,67,2025-07-25 00:00:00,SHIPPED,SOUTH,False
810,129,2026-03-15 02:15:55,CANCELLED,SOUTH,False
811,81,2026-04-01 02:17:25,SHIPPED,SOUTH,False
812,181,2025-07-05 15:47:24,DELIVERED,SOUTH,False
813,493,2025-01-31 20:20:14,DELIVERED,SOUTH,False
814,433,2025-09-21 02:55:50,DELIVERED,WEST,False
815,,2024-08-18 05:35:57,DELIVERED,EAST,False
816,157,2026-01-25 17:07:52,DELIVERED,EAST,False
817,385,2026-07-04 01:35:25,SHIPPED,WEST,False
818,195,2026-10-04 15:19:31,DELIVERED,WEST,True
819,426,2024-11-14 02:26:54,DELIVERED,WEST,False
820,603,2025-03-13 05:27:39,RETURNED,NORTH,False
821,580,2025-11-25 05:55:20,RETURNED,EAST,False
822,501,2024-10-14 10:25:53,PLACED,WEST,False
823,253,2025-07-25 00:00:00,CANCELLED,NORTH,False
824,152,2025-03-19 20:03:15,DELIVERED,EAST,False
825,593,2026-01-04 21:48:07,PLACED,NORTH,False
826,394,2026-04-27 20:29:02,RETURNED,CENTRAL,False
827,434,2026-02-06 00:52:37,DELIVERED,CENTRAL,False
828,392,2024-08-26 23:48:38,DELIVERED,NORTH,False
829,587,2025-07-07 09:51:20,PLACED,SOUTH,False
830,408,2026-02-23 00:00:00,SHIPPED,WEST,False
831,,2026-05-09 17:50:35,DELIVERED,EAST,False
832,175,2025-06-01 06:23:19,PLACED,WEST,False
833,113,2026-03-09 03:13:44,SHIPPED,NORTH,False
834,197,2025-05-06 17:50:20,DELIVERED,CENTRAL,False
835,171,2025-07-14 07:36:58,PLACED,NORTH,False
836,600,2025-11-14 20:18:37,DELIVERED,NORTH,False
837,8,2026-04-29 15:37:15,PLACED,SOUTH,False
838,8,2024-09-29 19:15:32,RETURNED,EAST,False
839,485,2026-05-23 19:04:08,SHIPPED,EAST,False
840,246,2025-04-09 08:09:21,DELIVERED,NORTH,False
841,339,2024-09-02 00:00:00,CANCELLED,WEST,False
842,143,2025-06-16 06:31:08,DELIVERED,SOUTH,False
843,487,2025-02-22 05:37:23,PLACED,EAST,False
844,,2026-07-01 00:00:00,CANCELLED,EAST,False
845,240,2025-09-09 09:31:01,DELIVERED,NORTH,False
846,488,2026-03-12 12:13:31,RETURNED,WEST,False
847,200,2026-03-07 13:14:26,CANCELLED,CENTRAL,False
848,,2024-10-07 07:08:25,CANCELLED,CENTRAL,False
849,479,2026-05-14 14:23:47,PLACED,CENTRAL,False
850,217,2026-01-28 14:48:36,DELIVERED,NORTH,False
851,30,2024-09-18 04:44:14,RETURNED,EAST,False
852,264,2026-06-30 16:44:27,DELIVERED,SOUTH,False
853,504,2025-12-14 23:29:50,CANCELLED,CENTRAL,False
854,67,2026-05-19 19:24:27,DELIVERED,WEST,False
855,576,2024-10-29 05:13:02,SHIPPED,EAST,False
856,90,2025-05-03 05:10:07,DELIVERED,SOUTH,False
857,119,2025-11-04 10:09:20,SHIPPED,WEST,False
858,2,2025-05-03 04:49:23,SHIPPED,WEST,False
859,328,2024-12-15 04:30:33,RETURNED,SOUTH,False
860,605,2025-09-21 08:15:04,DELIVERED,WEST,False
861,304,2024-09-27 02:31:14,DELIVERED,CENTRAL,False
862,36,2026-01-09 07:33:48,RETURNED,NORTH,False
863,588,2025-01-05 16:43:41,DELIVERED,WEST,False
864,342,2026-07-26 22:38:15,CANCELLED,SOUTH,False
865,54,2025-01-30 11:23:57,CANCELLED,WEST,False
866,164,2024-10-31 02:38:38,SHIPPED,WEST,False
867,401,2025-07-24 16:31:22,SHIPPED,SOUTH,False
868,562,2026-06-26 04:29:45,DELIVERED,CENTRAL,False
869,56,2025-10-06 22:10:47,DELIVERED,SOUTH,False
870,453,2026-07-10 18:21:05,PLACED,SOUTH,False
871,201,2025-01-09 00:00:00,DELIVERED,CENTRAL,False
872,152,2026-02-04 09:04:50,DELIVERED,SOUTH,False
873,99,2025-01-20 20:03:45,RETURNED,NORTH,False
874,347,2025-04-23 19:22:37,DELIVERED,WEST,False
875,122,2025-02-20 10:59:41,DELIVERED,SOUTH,False
876,385,2025-12-19 01:12:50,DELIVERED,NORTH,False
877,392,2025-02-27 14:35:03,DELIVERED,NORTH,False
878,125,2024-09-24 10:45:47,DELIVERED,NORTH,False
879,587,2025-04-18 08:09:07,PLACED,CENTRAL,False
880,496,2025-07-30 08:06:07,SHIPPED,SOUTH,False
881,66,2025-08-28 21:21:06,DELIVERED,WEST,False
882,21,2024-11-06 19:05:17,DELIVERED,CENTRAL,False
883,532,2026-01-09 16:07:17,CANCELLED,NORTH,False
884,213,2025-12-17 15:34:50,SHIPPED,CENTRAL,False
885,6,2025-09-02 09:34:17,PLACED,SOUTH,False
886,166,2025-03-10 15:38:37,DELIVERED,NORTH,False
887,519,2025-11-05 18:01:29,SHIPPED,NORTH,False
888,48,2026-03-16 11:20:09,DELIVERED,CENTRAL,False
889,591,2026-06-30 17:29:46,RETURNED,EAST,False
890,523,2026-03-22 23:13:34,CANCELLED,SOUTH,False
891,,2026-06-27 10:47:22,SHIPPED,SOUTH,False
892,222,2024-09-26 02:21:24,DELIVERED,WEST,False
893,262,2026-05-22 16:13:27,SHIPPED,WEST,False
894,261,2025-07-09 15:02:04,PLACED,SOUTH,False
895,276,2024-10-06 17:18:51,SHIPPED,EAST,False
896,524,2026-05-27 02:09:39,SHIPPED,WEST,False
897,254,2025-03-07 19:25:00,PLACED,CENTRAL,False
898,338,2026-07-08 22:55:45,SHIPPED,EAST,False
899,232,2024-10-28 01:08:18,RETURNED,SOUTH,False
900,108,2025-02-26 17:30:03,DELIVERED,EAST,False
901,502,2025-12-31 08:42:51,DELIVERED,EAST,False
902,102,2025-08-06 17:12:08,RETURNED,WEST,False
903,545,2026-05-10 07:45:54,DELIVERED,CENTRAL,False
904,10,2025-08-24 12:15:03,DELIVERED,SOUTH,False
905,274,2025-11-10 08:54:37,RETURNED,SOUTH,False
906,429,2025-03-11 07:30:40,RETURNED,WEST,False
907,283,2026-07-18 09:55:18,DELIVERED,SOUTH,False
908,90,2025-09-08 15:58:59,SHIPPED,NORTH,False
909,79,2024-11-13 14:26:44,SHIPPED,NORTH,False
910,293,2025-04-19 09:59:15,CANCELLED,WEST,False
911,140,2025-06-29 09:20:47,RETURNED,CENTRAL,False
912,416,2026-08-22 15:19:31,DELIVERED,WEST,True
913,354,2025-11-23 02:06:12,RETURNED,CENTRAL,False
914,44,2025-03-10 02:32:16,DELIVERED,CENTRAL,False
915,180,2024-09-24 03:24:21,DELIVERED,NORTH,False
916,389,2026-05-07 23:40:26,SHIPPED,SOUTH,False
917,121,2025-01-25 20:52:09,SHIPPED,NORTH,False
918,583,2026-07-02 06:01:16,RETURNED,CENTRAL,False
919,37,2025-11-23 01:53:09,CANCELLED,NORTH,False
920,472,2025-06-05 21:23:13,PLACED,SOUTH,False
921,10,2025-04-16 13:28:42,PLACED,CENTRAL,False
922,421,2025-11-24 02:03:54,SHIPPED,EAST,False
923,405,2025-04-04 12:27:09,CANCELLED,CENTRAL,False
924,112,2025-10-16 14:15:35,DELIVERED,SOUTH,False
925,445,2026-10-05 15:19:31,SHIPPED,SOUTH,True
926,137,2025-12-31 04:52:59,RETURNED,SOUTH,False
927,491,2026-04-16 03:43:47,PLACED,WEST,False
928,131,2025-06-30 09:49:30,CANCELLED,CENTRAL,False
929,399,2025-03-19 06:49:51,DELIVERED,SOUTH,False
930,513,2026-09-22 15:19:31,DELIVERED,EAST,True
931,9,2024-11-13 13:09:49,DELIVERED,WEST,False
932,157,2026-03-08 18:16:48,SHIPPED,NORTH,False
933,254,2024-12-12 14:37:05,DELIVERED,NORTH,False
934,515,2025-02-15 02:07:52,CANCELLED,SOUTH,False
935,136,2025-07-28 21:19:23,SHIPPED,SOUTH,False
936,205,2026-07-19 00:00:00,DELIVERED,EAST,False
937,237,2026-02-22 10:41:17,PLACED,WEST,False
938,312,2024-09-12 17:22:41,RETURNED,WEST,False
939,49,2025-04-24 00:00:00,DELIVERED,EAST,False
940,484,2025-07-08 04:53:25,DELIVERED,EAST,False
941,373,2024-12-08 16:24:10,DELIVERED,CENTRAL,False
942,134,2026-06-15 05:14:15,DELIVERED,CENTRAL,False
943,381,2026-01-11 02:57:16,DELIVERED,NORTH,False
944,134,2025-03-05 12:36:41,PLACED,SOUTH,False
945,457,2026-07-21 00:00:00,DELIVERED,EAST,False
946,486,2026-04-14 06:33:55,DELIVERED,NORTH,False
947,429,2025-12-28 06:40:53,CANCELLED,CENTRAL,False
948,375,2025-12-08 22:02:17,RETURNED,NORTH,False
949,537,2024-11-29 06:37:37,PLACED,CENTRAL,False
950,133,2025-01-29 22:38:50,PLACED,SOUTH,False
951,408,2024-09-08 05:15:10,DELIVERED,NORTH,False
952,522,2025-03-28 10:44:14,DELIVERED,EAST,False
953,4,2024-11-09 13:04:41,DELIVERED,CENTRAL,False
954,538,2025-02-15 09:08:21,SHIPPED,EAST,False
955,176,2024-12-21 22:18:38,SHIPPED,SOUTH,False
956,285,2025-09-24 01:03:41,DELIVERED,SOUTH,False
957,216,2024-09-03 00:00:00,SHIPPED,CENTRAL,False
958,333,2025-03-28 16:18:40,DELIVERED,SOUTH,False
959,302,2025-04-17 00:00:00,CANCELLED,EAST,False
960,287,2025-05-08 13:34:15,DELIVERED,CENTRAL,False
961,392,2025-09-07 12:29:14,DELIVERED,CENTRAL,False
962,453,2024-12-05 22:23:18,DELIVERED,WEST,False
963,238,2025-03-17 10:36:23,PLACED,WEST,False
964,186,2026-06-12 12:24:42,SHIPPED,CENTRAL,False
965,185,2025-05-31 00:00:00,SHIPPED,SOUTH,False
966,193,2025-08-08 00:00:00,SHIPPED,WEST,False
967,540,2024-11-23 08:36:20,PLACED,NORTH,False
968,22,2025-07-09 00:00:00,CANCELLED,NORTH,False
969,86,2025-03-31 01:42:44,DELIVERED,NORTH,False
970,109,2024-08-12 07:05:27,CANCELLED,NORTH,False
971,492,2026-01-30 14:44:41,CANCELLED,EAST,False
972,159,2026-07-22 19:34:27,SHIPPED,CENTRAL,False
973,46,2025-04-08 03:39:30,DELIVERED,WEST,False
974,230,2026-01-06 11:26:23,PLACED,EAST,False
975,394,2025-07-21 08:10:47,RETURNED,WEST,False
976,113,2025-03-08 20:54:58,SHIPPED,NORTH,False
977,122,2026-06-29 17:43:37,PLACED,NORTH,False
978,183,2026-07-26 12:47:15,SHIPPED,WEST,False
979,309,2025-10-02 06:07:18,CANCELLED,EAST,False
980,378,2024-11-24 14:24:07,DELIVERED,NORTH,False
981,153,2025-09-26 01:10:22,PLACED,WEST,False
982,490,2026-06-02 14:48:14,DELIVERED,EAST,False
983,331,2025-06-28 02:35:14,DELIVERED,EAST,False
984,493,2025-12-25 13:35:57,DELIVERED,EAST,False
985,252,2026-01-25 14:34:32,DELIVERED,WEST,False
986,236,2026-05-28 17:13:55,DELIVERED,CENTRAL,False
987,225,2024-11-19 00:06:27,PLACED,NORTH,False
988,486,2025-09-15 14:58:16,PLACED,EAST,False
989,143,2025-03-22 04:57:16,CANCELLED,WEST,False
990,230,2025-05-29 12:59:17,RETURNED,SOUTH,False
991,27,2026-04-15 09:39:20,PLACED,NORTH,False
992,76,2025-06-30 22:23:03,SHIPPED,SOUTH,False
993,81,2024-10-15 00:00:00,CANCELLED,WEST,False
994,187,2024-09-18 08:37:42,DELIVERED,EAST,False
995,346,2025-11-20 14:59:27,PLACED,NORTH,False
996,33,2025-10-09 08:14:42,SHIPPED,WEST,False
997,466,2025-01-18 10:19:29,RETURNED,CENTRAL,False
998,233,2026-06-23 15:26:10,RETURNED,CENTRAL,False
999,129,2025-02-28 04:17:27,PLACED,WEST,False
1000,573,2024-08-25 00:00:00,DELIVERED,WEST,False
1001,415,2025-09-06 10:59:28,CANCELLED,WEST,False
1002,112,2025-06-30 13:21:45,DELIVERED,EAST,False
1003,,2025-12-12 17:14:01,PLACED,CENTRAL,False
1004,,2024-10-11 23:39:20,SHIPPED,NORTH,False
1005,88,2025-08-18 00:13:06,DELIVERED,WEST,False
1006,,2024-12-29 04:48:36,PLACED,EAST,False
1007,408,2025-03-29 06:34:57,DELIVERED,EAST,False
1008,100,2025-10-25 03:44:21,DELIVERED,CENTRAL,False
1009,154,2026-06-29 07:04:45,DELIVERED,NORTH,False
1010,156,2026-06-03 00:00:00,DELIVERED,SOUTH,False
1011,145,2025-04-29 21:49:16,RETURNED,CENTRAL,False
1012,536,2024-11-25 05:31:20,DELIVERED,EAST,False
1013,442,2026-04-24 20:17:18,DELIVERED,SOUTH,False
1014,77,2025-05-06 03:58:49,RETURNED,NORTH,False
1015,147,2025-05-08 12:06:07,CANCELLED,NORTH,False
1016,466,2025-03-05 02:09:31,SHIPPED,EAST,False
1017,362,2025-04-22 19:35:35,DELIVERED,EAST,False
1018,263,2026-07-24 05:16:49,RETURNED,NORTH,False
1019,500,2026-05-09 19:38:37,DELIVERED,CENTRAL,False
1020,133,2024-10-12 03:32:32,DELIVERED,EAST,False
1021,424,2026-01-22 20:10:51,CANCELLED,NORTH,False
1022,59,2025-06-29 15:39:48,CANCELLED,NORTH,False
1023,108,2026-08-04 05:32:32,DELIVERED,NORTH,False
1024,474,2026-03-19 05:38:01,DELIVERED,CENTRAL,False
1025,477,2025-03-07 23:59:54,PLACED,WEST,False
1026,205,2026-03-20 00:00:00,SHIPPED,CENTRAL,False
1027,488,2026-07-18 23:42:10,DELIVERED,WEST,False
1028,219,2025-06-14 00:00:00,DELIVERED,WEST,False
1029,371,2026-05-25 23:33:54,SHIPPED,SOUTH,False
1030,434,2024-11-19 02:38:20,PLACED,NORTH,False
1031,84,2025-10-12 01:57:51,CANCELLED,CENTRAL,False
1032,266,2024-10-11 00:00:00,CANCELLED,WEST,False
1033,305,2025-01-07 22:34:15,DELIVERED,WEST,False
1034,165,2025-07-21 20:29:41,RETURNED,CENTRAL,False
1035,11,2026-05-04 20:51:05,SHIPPED,CENTRAL,False
1036,332,2026-07-30 21:04:30,DELIVERED,EAST,False
1037,,2024-09-26 10:54:55,DELIVERED,EAST,False
1038,417,2026-07-11 11:44:06,RETURNED,SOUTH,False
1039,593,2026-02-12 11:38:02,RETURNED,WEST,False
1040,171,2024-10-12 18:26:16,SHIPPED,SOUTH,False
1041,591,2025-06-04 06:16:21,DELIVERED,EAST,False
1042,515,2026-06-08 02:48:40,DELIVERED,WEST,False
1043,361,2025-06-07 22:51:57,DELIVERED,EAST,False
1044,181,2025-09-19 04:04:00,DELIVERED,SOUTH,False
1045,391,2026-01-09 23:30:53,DELIVERED,EAST,False
1046,102,2026-02-11 20:22:34,PLACED,NORTH,False
1047,422,2024-11-17 04:20:39,DELIVERED,CENTRAL,False
1048,455,2024-12-23 00:46:49,DELIVERED,WEST,False
1049,466,2025-05-15 00:48:19,CANCELLED,NORTH,False
1050,476,2025-09-17 17:56:03,DELIVERED,WEST,False
1051,,2024-09-09 00:12:44,SHIPPED,EAST,False
1052,425,2026-04-04 00:00:00,RETURNED,NORTH,False
1053,,2026-04-10 19:21:08,CANCELLED,CENTRAL,False
1054,175,2025-03-19 03:53:10,SHIPPED,WEST,False
1055,403,2025-09-21 16:51:08,DELIVERED,SOUTH,False
1056,400,2025-07-13 16:49:13,RETURNED,CENTRAL,False
1057,237,2024-08-28 18:21:05,DELIVERED,CENTRAL,False
1058,267,2024-08-10 22:41:57,SHIPPED,NORTH,False
1059,448,2026-09-28 15:19:31,PLACED,CENTRAL,True
1060,81,2025-02-17 00:00:00,DELIVERED,WEST,False
1061,367,2026-07-08 12:24:16,SHIPPED,SOUTH,False
1062,252,2026-04-10 13:21:15,DELIVERED,EAST,False
1063,282,2025-07-20 08:10:12,PLACED,CENTRAL,False
1064,114,2025-11-29 18:08:25,PLACED,EAST,False
1065,185,2026-05-23 05:57:25,DELIVERED,SOUTH,False
1066,503,2025-06-09 21:11:51,DELIVERED,NORTH,False
1067,430,2025-08-03 11:19:24,RETURNED,SOUTH,False
1068,11,2025-12-24 14:44:30,DELIVERED,NORTH,False
1069,352,2025-02-03 22:38:57,DELIVERED,CENTRAL,False
1070,,2024-11-04 08:16:26,PLACED,CENTRAL,False
1071,,2025-02-27 15:50:28,SHIPPED,EAST,False
1072,223,2026-08-05 11:58:24,PLACED,SOUTH,False
1073,494,2024-09-26 21:35:34,DELIVERED,EAST,False
1074,508,2026-02-04 18:42:10,RETURNED,EAST,False
1075,288,2025-10-07 14:46:17,DELIVERED,CENTRAL,False
1076,211,2025-09-26 07:11:15,CANCELLED,WEST,False
1077,279,2026-05-05 11:13:44,DELIVERED,WEST,False
1078,362,2025-11-10 21:31:49,PLACED,SOUTH,False
1079,524,2025-07-22 21:31:21,DELIVERED,CENTRAL,False
1080,31,2025-12-29 06:58:37,DELIVERED,SOUTH,False
1081,75,2024-11-04 12:17:20,PLACED,EAST,False
1082,327,2025-08-18 13:09:46,SHIPPED,CENTRAL,False
1083,239,2025-10-03 09:03:07,DELIVERED,CENTRAL,False
1084,575,2026-04-18 14:50:58,CANCELLED,NORTH,False
1085,432,2024-12-06 02:45:53,CANCELLED,SOUTH,False
1086,506,2024-09-20 21:34:53,DELIVERED,NORTH,False
1087,335,2025-03-30 16:18:03,PLACED,NORTH,False
1088,590,2026-05-12 18:02:31,SHIPPED,WEST,False
1089,,2024-11-16 03:16:49,SHIPPED,NORTH,False
1090,98,2024-12-06 10:51:27,SHIPPED,EAST,False
1091,410,2025-02-24 08:07:51,DELIVERED,NORTH,False
1092,466,2025-06-11 14:31:24,RETURNED,EAST,False
1093,106,2026-06-06 00:00:00,PLACED,NORTH,False
1094,447,2025-04-26 04:45:05,DELIVERED,EAST,False
1095,551,2025-03-08 21:25:30,CANCELLED,EAST,False
1096,45,2025-08-31 00:42:51,PLACED,EAST,False
1097,389,2026-06-24 02:51:57,PLACED,WEST,False
1098,327,2025-08-19 12:39:57,CANCELLED,WEST,False
1099,126,2026-02-20 00:42:22,DELIVERED,WEST,False
1100,330,2024-12-21 00:24:44,PLACED,EAST,False
1101,362,2024-10-17 04:41:08,DELIVERED,SOUTH,False
1102,77,2026-02-09 00:00:00,PLACED,SOUTH,False
1103,395,2025-09-10 07:54:32,SHIPPED,CENTRAL,False
1104,527,2026-05-08 11:03:34,SHIPPED,WEST,False
1105,517,2026-04-05 03:15:05,RETURNED,WEST,False
1106,526,2025-12-22 12:19:14,PLACED,WEST,False
1107,315,2025-03-17 02:03:37,PLACED,WEST,False
1108,113,2025-12-22 20:40:31,SHIPPED,NORTH,False
1109,544,2025-12-24 23:34:05,RETURNED,NORTH,False
1110,218,2024-10-18 03:54:38,DELIVERED,NORTH,False
1111,379,2025-10-06 20:54:16,DELIVERED,WEST,False
1112,194,2026-04-02 13:45:55,DELIVERED,WEST,False
1113,112,2024-08-18 13:55:15,RETURNED,SOUTH,False
1114,37,2025-08-22 16:07:33,DELIVERED,EAST,False
1115,415,2025-05-08 15:18:39,DELIVERED,EAST,False
1116,176,2025-07-29 08:49:20,SHIPPED,CENTRAL,False
1117,4,2025-04-14 18:00:39,DELIVERED,WEST,False
1118,245,2026-06-05 11:18:10,SHIPPED,EAST,False
1119,146,2024-10-22 23:20:45,DELIVERED,NORTH,False
1120,271,2024-11-30 01:23:16,DELIVERED,NORTH,False
1121,486,2025-01-17 16:15:39,SHIPPED,NORTH,False
1122,,2026-09-22 15:19:31,CANCELLED,CENTRAL,True
1123,151,2024-12-24 19:02:16,CANCELLED,EAST,False
1124,360,2026-05-26 10:34:23,DELIVERED,EAST,False
1125,362,2025-10-31 06:08:12,DELIVERED,CENTRAL,False
1126,277,2026-04-08 11:47:40,PLACED,WEST,False
1127,146,2025-08-28 00:00:00,DELIVERED,WEST,False
1128,92,2025-09-01 20:15:03,DELIVERED,EAST,False
1129,558,2025-09-15 17:39:03,RETURNED,CENTRAL,False
1130,358,2026-02-12 15:00:43,DELIVERED,EAST,False
1131,43,2024-10-31 09:48:55,CANCELLED,NORTH,False
1132,466,2025-07-11 12:55:07,SHIPPED,NORTH,False
1133,511,2024-10-03 23:13:08,DELIVERED,CENTRAL,False
1134,572,2026-03-30 07:23:53,SHIPPED,EAST,False
1135,,2026-06-14 16:34:54,DELIVERED,NORTH,False
1136,6,2025-07-25 10:29:19,PLACED,EAST,False
1137,291,2025-03-24 18:09:42,RETURNED,CENTRAL,False
1138,89,2025-05-01 00:11:00,DELIVERED,WEST,False
1139,83,2026-03-28 00:00:00,RETURNED,SOUTH,False
1140,396,2026-05-21 02:03:40,PLACED,EAST,False
1141,319,2025-10-19 17:29:39,CANCELLED,CENTRAL,False
1142,205,2026-02-17 22:41:26,SHIPPED,EAST,False
1143,581,2025-04-16 00:22:34,SHIPPED,WEST,False
1144,540,2026-01-09 17:20:29,RETURNED,EAST,False
1145,438,2024-08-30 04:00:13,DELIVERED,CENTRAL,False
1146,,2026-03-27 04:31:39,PLACED,EAST,False
1147,595,2025-01-18 14:04:34,DELIVERED,CENTRAL,False
1148,55,2026-04-27 01:04:41,DELIVERED,NORTH,False
1149,531,2024-11-21 00:00:00,PLACED,NORTH,False
1150,100,2025-01-21 15:59:57,DELIVERED,NORTH,False
1151,599,2024-11-08 17:16:45,PLACED,SOUTH,False
1152,576,2024-11-12 06:43:45,SHIPPED,SOUTH,False
1153,319,2024-10-05 13:52:11,CANCELLED,CENTRAL,False
1154,118,2025-12-26 18:53:50,CANCELLED,CENTRAL,False
1155,210,2026-03-04 00:00:00,DELIVERED,WEST,False
1156,125,2024-10-04 22:37:23,SHIPPED,SOUTH,False
1157,560,2026-02-26 01:20:20,DELIVERED,CENTRAL,False
1158,150,2026-02-13 09:01:19,CANCELLED,SOUTH,False
1159,560,2024-09-09 05:11:30,SHIPPED,NORTH,False
1160,505,2024-10-26 22:00:28,DELIVERED,NORTH,False
1161,436,2026-03-11 11:16:05,PLACED,WEST,False
1162,,2025-08-19 05:52:33,CANCELLED,CENTRAL,False
1163,364,2024-09-21 10:48:53,DELIVERED,EAST,False
1164,,2024-11-04 00:41:33,CANCELLED,SOUTH,False
1165,538,2025-02-09 00:00:00,DELIVERED,EAST,False
1166,577,2024-09-26 13:13:19,DELIVERED,EAST,False
1167,311,2025-12-09 00:00:00,CANCELLED,WEST,False
1168,484,2026-02-11 08:13:06,DELIVERED,CENTRAL,False
1169,539,2026-03-03 15:57:17,DELIVERED,CENTRAL,False
1170,414,2026-06-12 00:00:00,DELIVERED,SOUTH,False
1171,109,2025-01-06 04:48:01,SHIPPED,SOUTH,False
1172,243,2026-05-29 10:46:13,DELIVERED,WEST,False
1173,431,2024-12-22 00:00:00,SHIPPED,NORTH,False
1174,75,2025-04-22 22:43:29,DELIVERED,NORTH,False
1175,329,2024-10-14 11:18:16,PLACED,CENTRAL,False
1176,201,2026-04-19 01:02:36,SHIPPED,SOUTH,False
1177,445,2026-06-28 03:46:45,SHIPPED,CENTRAL,False
1178,,2026-07-03 05:33:51,PLACED,SOUTH,False
1179,369,2025-04-20 05:54:30,CANCELLED,EAST,False
1180,541,2024-12-04 10:37:09,DELIVERED,WEST,False
1181,366,2025-08-09 20:41:15,PLACED,NORTH,False
1182,386,2026-01-23 08:27:57,PLACED,CENTRAL,False
1183,121,2025-02-01 00:00:00,DELIVERED,NORTH,False
1184,297,2025-09-29 16:53:52,DELIVERED,NORTH,False
1185,162,2024-10-20 00:00:00,DELIVERED,CENTRAL,False
1186,513,2025-10-05 11:22:02,DELIVERED,NORTH,False
1187,270,2024-08-19 00:00:00,DELIVERED,SOUTH,False
1188,61,2025-01-14 16:06:40,DELIVERED,NORTH,False
1189,75,2024-12-27 01:55:28,DELIVERED,NORTH,False
1190,73,2025-03-03 01:10:59,DELIVERED,NORTH,False
1191,491,2026-05-29 19:16:50,PLACED,NORTH,False
1192,231,2025-09-05 12:26:56,SHIPPED,SOUTH,False
1193,,2026-07-21 08:08:27,CANCELLED,CENTRAL,False
1194,389,2024-10-20 05:54:57,DELIVERED,NORTH,False
1195,387,2025-01-12 11:49:13,DELIVERED,SOUTH,False
1196,121,2025-08-12 11:06:53,DELIVERED,SOUTH,False
1197,60,2026-01-08 03:50:43,PLACED,WEST,False
1198,550,2025-05-03 20:27:32,PLACED,SOUTH,False
1199,79,2025-10-13 16:32:33,SHIPPED,EAST,False
1200,251,2025-06-26 07:48:56,DELIVERED,NORTH,False
1201,79,2026-07-09 18:34:43,DELIVERED,EAST,False
1202,226,2024-12-19 06:21:18,DELIVERED,CENTRAL,False
1203,251,2025-04-25 08:22:49,DELIVERED,CENTRAL,False
1204,355,2025-05-13 11:02:03,DELIVERED,EAST,False
1205,141,2025-01-12 16:21:15,SHIPPED,CENTRAL,False
1206,382,2025-01-22 09:10:35,PLACED,SOUTH,False
1207,465,2024-10-30 00:00:00,CANCELLED,EAST,False
1208,394,2026-07-29 09:33:48,PLACED,CENTRAL,False
1209,20,2024-11-07 10:58:16,PLACED,SOUTH,False
1210,442,2024-10-28 17:48:54,PLACED,EAST,False
1211,345,2024-11-16 10:33:20,CANCELLED,CENTRAL,False
1212,29,2026-02-16 23:37:17,DELIVERED,WEST,False
1213,59,2026-01-05 22:48:33,RETURNED,EAST,False
1214,548,2025-09-20 03:10:41,DELIVERED,CENTRAL,False
1215,391,2024-09-07 19:44:06,SHIPPED,NORTH,False
1216,281,2025-04-05 20:10:01,DELIVERED,EAST,False
1217,40,2024-11-01 16:35:54,DELIVERED,CENTRAL,False
1218,,2025-03-04 07:56:41,CANCELLED,SOUTH,False
1219,18,2025-10-21 17:32:45,RETURNED,WEST,False
1220,570,2025-03-25 00:00:00,RETURNED,EAST,False
1221,565,2026-07-23 00:00:00,SHIPPED,EAST,False
1222,507,2025-06-29 11:01:35,PLACED,CENTRAL,False
1223,239,2025-09-17 00:00:00,DELIVERED,WEST,False
1224,43,2025-03-09 10:16:40,RETURNED,EAST,False
1225,17,2026-04-25 23:39:56,DELIVERED,NORTH,False
1226,359,2024-12-25 01:29:34,PLACED,NORTH,False
1227,334,2024-09-29 00:09:34,DELIVERED,NORTH,False
1228,290,2026-04-15 12:50:06,DELIVERED,EAST,False
1229,384,2025-07-22 15:08:33,DELIVERED,SOUTH,False
1230,298,2025-12-18 06:00:21,PLACED,CENTRAL,False
1231,321,2024-12-18 03:09:33,DELIVERED,CENTRAL,False
1232,221,2026-08-08 16:56:35,DELIVERED,SOUTH,False
1233,81,2025-08-03 07:08:54,RETURNED,CENTRAL,False
1234,589,2024-10-24 23:37:41,DELIVERED,NORTH,False
1235,541,2025-06-25 03:38:02,DELIVERED,CENTRAL,False
1236,276,2025-12-03 05:09:26,RETURNED,EAST,False
1237,371,2024-10-10 06:05:17,RETURNED,SOUTH,False
1238,420,2024-11-21 21:15:23,DELIVERED,EAST,False
1239,236,2025-05-28 19:21:28,DELIVERED,SOUTH,False
1240,251,2025-10-14 13:10:16,DELIVERED,SOUTH,False
1241,294,2024-10-22 11:08:57,DELIVERED,CENTRAL,False
1242,590,2026-06-16 01:33:03,SHIPPED,SOUTH,False
1243,16,2026-07-24 11:03:37,DELIVERED,WEST,False
1244,130,2024-09-25 10:16:37,PLACED,SOUTH,False
1245,136,2026-07-22 12:40:29,DELIVERED,WEST,False
1246,412,2025-04-13 12:31:57,SHIPPED,EAST,False
1247,345,2025-10-17 18:22:22,RETURNED,NORTH,False
1248,364,2026-08-02 19:36:14,DELIVERED,WEST,False
1249,489,2024-11-06 20:00:45,DELIVERED,CENTRAL,False
1250,522,2026-04-13 09:07:56,DELIVERED,EAST,False
1251,465,2026-01-20 21:40:20,DELIVERED,CENTRAL,False
1252,100,2025-02-28 14:39:17,PLACED,CENTRAL,False
1253,594,2026-01-12 08:26:10,SHIPPED,WEST,False
1254,183,2025-10-08 00:00:00,RETURNED,SOUTH,False
1255,285,2025-02-24 13:25:59,PLACED,EAST,False
1256,295,2026-03-08 20:48:46,CANCELLED,EAST,False
1257,266,2025-11-22 11:08:40,RETURNED,EAST,False
1258,212,2025-05-28 12:32:32,SHIPPED,CENTRAL,False
1259,553,2025-07-22 17:45:47,DELIVERED,NORTH,False
1260,289,2025-10-23 18:12:43,DELIVERED,CENTRAL,False
1261,465,2025-05-31 14:18:58,DELIVERED,NORTH,False
1262,443,2025-07-29 02:24:10,PLACED,EAST,False
1263,120,2025-02-28 21:10:55,DELIVERED,SOUTH,False
1264,335,2026-02-21 04:00:17,DELIVERED,CENTRAL,False
1265,76,2024-10-27 01:51:08,RETURNED,WEST,False
1266,534,2025-02-08 06:46:46,DELIVERED,NORTH,False
1267,9,2025-08-07 09:46:13,CANCELLED,SOUTH,False
1268,272,2025-11-11 04:06:16,SHIPPED,WEST,False
1269,204,2024-11-15 11:41:41,DELIVERED,SOUTH,False
1270,,2024-10-20 22:00:14,SHIPPED,SOUTH,False
1271,,2024-09-16 18:23:18,DELIVERED,SOUTH,False
1272,496,2024-09-27 23:57:27,CANCELLED,SOUTH,False
1273,497,2025-12-17 12:03:33,DELIVERED,CENTRAL,False
1274,99,2026-07-20 05:42:52,CANCELLED,EAST,False
1275,458,2025-05-15 15:56:35,PLACED,WEST,False
1276,117,2025-12-18 07:17:24,PLACED,WEST,False
1277,501,2024-11-28 17:30:39,PLACED,EAST,False
1278,419,2025-11-06 11:49:40,SHIPPED,EAST,False
1279,453,2024-10-18 12:40:48,PLACED,WEST,False
1280,348,2024-10-04 00:00:00,DELIVERED,SOUTH,False
1281,171,2026-02-09 04:39:59,PLACED,CENTRAL,False
1282,133,2026-02-20 00:00:00,DELIVERED,WEST,False
1283,342,2026-03-11 05:35:30,DELIVERED,NORTH,False
1284,371,2025-01-03 15:58:33,CANCELLED,WEST,False
1285,235,2025-12-05 19:18:21,DELIVERED,WEST,False
1286,255,2025-08-02 00:00:00,PLACED,CENTRAL,False
1287,408,2025-02-16 00:00:00,SHIPPED,NORTH,False
1288,254,2025-04-17 03:54:35,CANCELLED,WEST,False
1289,135,2026-04-29 03:10:03,CANCELLED,NORTH,False
1290,426,2025-09-12 10:53:07,DELIVERED,SOUTH,False
1291,603,2026-07-05 23:59:21,DELIVERED,EAST,False
1292,436,2024-09-01 00:00:00,SHIPPED,SOUTH,False
1293,591,2025-06-19 13:29:01,PLACED,WEST,False
1294,495,2026-06-08 12:04:45,DELIVERED,WEST,False
1295,,2025-05-16 09:25:12,DELIVERED,CENTRAL,False
1296,464,2025-03-26 22:30:22,DELIVERED,SOUTH,False
1297,489,2025-05-11 01:33:26,SHIPPED,NORTH,False
1298,174,2025-07-10 22:16:40,DELIVERED,NORTH,False
1299,485,2024-09-02 03:53:14,DELIVERED,NORTH,False
1300,259,2025-09-19 19:00:57,CANCELLED,NORTH,False
1301,579,2026-04-29 15:14:10,SHIPPED,SOUTH,False
1302,501,2025-03-18 12:38:14,DELIVERED,EAST,False
1303,495,2026-01-06 22:05:46,RETURNED,NORTH,False
1304,436,2025-08-03 04:11:23,DELIVERED,SOUTH,False
1305,125,2024-11-15 09:35:18,RETURNED,NORTH,False
1306,508,2026-01-13 23:31:14,DELIVERED,CENTRAL,False
1307,10,2025-07-31 05:37:51,SHIPPED,EAST,False
1308,381,2024-10-28 01:26:16,SHIPPED,SOUTH,False
1309,381,2025-12-15 06:00:43,DELIVERED,EAST,False
1310,139,2025-12-04 07:59:10,DELIVERED,EAST,False
1311,154,2025-12-22 19:27:22,PLACED,SOUTH,False
1312,97,2025-10-01 03:31:13,PLACED,WEST,False
1313,69,2025-07-22 19:14:58,SHIPPED,NORTH,False
1314,282,2026-04-25 05:53:06,DELIVERED,EAST,False
1315,413,2025-08-14 06:45:51,DELIVERED,SOUTH,False
1316,157,2025-05-22 01:22:33,SHIPPED,CENTRAL,False
1317,535,2025-08-05 12:29:33,SHIPPED,CENTRAL,False
1318,485,2026-07-19 00:00:00,SHIPPED,SOUTH,False
1319,151,2025-11-02 19:41:43,PLACED,NORTH,False
1320,54,2025-04-23 20:17:25,DELIVERED,WEST,False
1321,513,2026-07-24 09:49:35,DELIVERED,WEST,False
1322,364,2025-03-31 06:21:20,DELIVERED,CENTRAL,False
1323,171,2024-08-29 17:15:53,DELIVERED,WEST,False
1324,502,2024-09-11 02:48:01,PLACED,WEST,False
1325,183,2026-04-12 12:31:59,DELIVERED,EAST,False
1326,219,2025-04-21 00:08:44,RETURNED,SOUTH,False
1327,184,2026-02-02 05:11:41,SHIPPED,EAST,False
1328,6,2024-08-28 19:24:01,RETURNED,EAST,False
1329,14,2026-05-22 00:00:00,SHIPPED,WEST,False
1330,260,2025-04-15 00:00:00,DELIVERED,NORTH,False
1331,483,2024-10-19 06:29:58,DELIVERED,WEST,False
1332,559,2025-04-18 00:00:00,PLACED,SOUTH,False
1333,182,2025-04-27 04:58:33,DELIVERED,NORTH,False
1334,64,2025-04-22 18:05:21,SHIPPED,SOUTH,False
1335,18,2025-12-05 04:20:51,CANCELLED,SOUTH,False
1336,601,2025-02-06 00:51:13,PLACED,WEST,False
1337,63,2025-11-25 13:40:56,DELIVERED,EAST,False
1338,455,2025-10-15 23:47:09,DELIVERED,WEST,False
1339,4,2026-06-05 04:18:30,PLACED,WEST,False
1340,89,2024-09-26 00:07:26,PLACED,NORTH,False
1341,89,2025-03-19 21:23:02,RETURNED,SOUTH,False
1342,223,2025-04-12 18:20:44,CANCELLED,SOUTH,False
1343,196,2024-08-23 13:23:11,SHIPPED,WEST,False
1344,183,2025-04-04 09:07:44,DELIVERED,SOUTH,False
1345,205,2025-07-11 20:14:50,DELIVERED,EAST,False
1346,364,2026-05-01 19:58:04,DELIVERED,WEST,False
1347,175,2025-09-28 02:34:29,DELIVERED,CENTRAL,False
1348,445,2026-05-29 14:53:24,DELIVERED,SOUTH,False
1349,516,2025-02-19 22:02:22,SHIPPED,CENTRAL,False
1350,265,2025-12-30 13:00:54,RETURNED,CENTRAL,False
1351,191,2025-10-12 16:09:01,SHIPPED,CENTRAL,False
1352,603,2026-07-30 05:45:36,PLACED,EAST,False
1353,9,2025-05-12 02:07:10,SHIPPED,NORTH,False
1354,367,2025-05-21 06:22:17,SHIPPED,NORTH,False
1355,468,2025-10-01 09:16:40,DELIVERED,WEST,False
1356,259,2026-03-22 14:59:55,DELIVERED,WEST,False
1357,240,2024-10-21 05:57:03,DELIVERED,WEST,False
1358,276,2025-12-15 07:31:56,PLACED,CENTRAL,False
1359,308,2025-04-11 13:49:32,RETURNED,SOUTH,False
1360,582,2025-08-11 10:06:06,SHIPPED,NORTH,False
1361,317,2026-02-18 21:43:59,SHIPPED,WEST,False
1362,1,2025-04-14 04:26:50,SHIPPED,EAST,False
1363,242,2025-11-01 06:40:20,DELIVERED,SOUTH,False
1364,384,2026-08-20 15:19:31,DELIVERED,WEST,True
1365,484,2025-05-01 13:36:28,DELIVERED,NORTH,False
1366,326,2025-06-23 15:23:33,DELIVERED,EAST,False
1367,435,2025-08-07 04:07:26,SHIPPED,CENTRAL,False
1368,,2026-04-20 02:51:35,SHIPPED,EAST,False
1369,2,2026-03-07 03:44:03,RETURNED,SOUTH,False
1370,193,2026-04-15 00:57:09,PLACED,WEST,False
1371,436,2025-09-04 13:47:24,DELIVERED,WEST,False
1372,,2025-03-07 01:35:06,SHIPPED,CENTRAL,False
1373,477,2024-09-12 21:06:08,DELIVERED,WEST,False
1374,13,2026-08-06 21:11:27,DELIVERED,WEST,False
1375,,2025-05-29 19:57:21,DELIVERED,NORTH,False
1376,265,2025-01-21 03:55:47,CANCELLED,WEST,False
1377,485,2026-02-02 19:45:41,RETURNED,NORTH,False
1378,435,2024-10-15 07:57:57,DELIVERED,SOUTH,False
1379,,2026-04-17 19:41:04,SHIPPED,CENTRAL,False
1380,466,2024-10-17 08:37:46,PLACED,WEST,False
1381,52,2025-04-12 05:05:18,SHIPPED,EAST,False
1382,25,2024-09-27 07:08:48,DELIVERED,NORTH,False
1383,305,2026-03-17 09:48:28,DELIVERED,NORTH,False
1384,406,2025-07-22 07:58:55,PLACED,SOUTH,False
1385,442,2025-01-09 08:51:05,DELIVERED,CENTRAL,False
1386,537,2026-03-13 00:00:00,SHIPPED,NORTH,False
1387,104,2025-11-28 02:14:09,PLACED,EAST,False
1388,23,2025-03-17 15:38:32,DELIVERED,NORTH,False
1389,444,2026-03-19 13:22:07,DELIVERED,EAST,False
1390,553,2025-06-21 09:23:02,DELIVERED,EAST,False
1391,221,2025-09-07 13:54:25,DELIVERED,SOUTH,False
1392,47,2025-01-02 07:27:32,DELIVERED,EAST,False
1393,,2025-05-30 00:45:09,DELIVERED,EAST,False
1394,326,2025-11-08 16:22:19,DELIVERED,SOUTH,False
1395,295,2025-07-06 05:35:29,DELIVERED,WEST,False
1396,337,2026-02-17 20:06:27,DELIVERED,EAST,False
1397,355,2024-12-19 02:00:45,CANCELLED,WEST,False
1398,175,2024-08-22 17:56:59,PLACED,CENTRAL,False
1399,499,2026-01-04 22:16:41,SHIPPED,CENTRAL,False
1400,299,2026-05-01 08:25:10,DELIVERED,SOUTH,False
1401,171,2025-10-04 12:44:42,DELIVERED,NORTH,False
1402,291,2025-01-11 17:11:29,SHIPPED,CENTRAL,False
1403,127,2026-07-12 23:10:48,RETURNED,CENTRAL,False
1404,163,2026-02-02 07:50:23,RETURNED,CENTRAL,False
1405,223,2025-07-16 12:12:08,SHIPPED,EAST,False
1406,326,2026-06-24 17:41:45,SHIPPED,WEST,False
1407,476,2025-09-02 07:11:05,SHIPPED,SOUTH,False
1408,4,2025-10-31 23:33:43,DELIVERED,SOUTH,False
1409,101,2026-02-21 23:37:59,RETURNED,WEST,False
1410,30,2025-06-21 23:39:17,DELIVERED,NORTH,False
1411,419,2025-09-26 16:41:13,SHIPPED,CENTRAL,False
1412,94,2025-11-09 00:00:00,DELIVERED,WEST,False
1413,198,2025-08-25 15:59:05,DELIVERED,SOUTH,False
1414,205,2025-05-02 06:05:38,CANCELLED,SOUTH,False
1415,471,2024-11-25 01:58:36,RETURNED,SOUTH,False
1416,513,2024-11-27 01:49:10,CANCELLED,SOUTH,False
1417,72,2026-08-12 15:19:31,DELIVERED,CENTRAL,True
1418,395,2025-12-22 18:16:20,SHIPPED,CENTRAL,False
1419,547,2025-03-16 12:05:39,CANCELLED,NORTH,False
1420,408,2025-06-23 04:49:56,PLACED,WEST,False
1421,524,2025-03-29 22:16:47,DELIVERED,NORTH,False
1422,269,2026-04-07 14:43:31,DELIVERED,SOUTH,False
1423,348,2024-09-25 05:19:04,DELIVERED,EAST,False
1424,76,2025-01-04 20:29:13,DELIVERED,EAST,False
1425,456,2025-06-06 10:28:37,SHIPPED,EAST,False
1426,144,2026-04-02 20:42:21,SHIPPED,EAST,False
1427,299,2025-11-24 01:54:53,DELIVERED,EAST,False
1428,451,2025-02-12 11:42:16,CANCELLED,SOUTH,False
1429,300,2025-10-22 08:19:15,SHIPPED,SOUTH,False
1430,152,2025-06-01 15:15:07,DELIVERED,CENTRAL,False
1431,175,2024-10-31 02:39:35,DELIVERED,CENTRAL,False
1432,384,2024-12-27 08:23:04,DELIVERED,CENTRAL,False
1433,496,2025-02-04 00:00:00,RETURNED,EAST,False
1434,212,2026-04-05 10:23:02,DELIVERED,NORTH,False
1435,366,2025-07-14 05:13:49,DELIVERED,NORTH,False
1436,537,2025-09-22 02:23:19,DELIVERED,NORTH,False
1437,102,2025-06-23 17:52:41,SHIPPED,CENTRAL,False
1438,551,2025-11-24 17:19:55,PLACED,CENTRAL,False
1439,251,2024-09-05 04:32:13,DELIVERED,SOUTH,False
1440,468,2024-12-03 13:36:06,SHIPPED,EAST,False
1441,195,2024-11-16 19:38:29,RETURNED,SOUTH,False
1442,63,2025-02-13 21:53:41,DELIVERED,WEST,False
1443,550,2026-03-19 00:00:00,DELIVERED,NORTH,False
1444,120,2025-12-03 07:18:14,PLACED,CENTRAL,False
1445,499,2024-12-15 00:00:00,DELIVERED,NORTH,False
1446,454,2026-04-23 21:47:40,CANCELLED,CENTRAL,False
1447,1,2026-07-14 04:27:15,SHIPPED,SOUTH,False
1448,495,2025-07-30 01:21:12,SHIPPED,CENTRAL,False
1449,282,2024-08-23 16:50:08,DELIVERED,NORTH,False
1450,187,2026-04-29 01:37:09,RETURNED,WEST,False
1451,184,2024-10-09 11:13:03,SHIPPED,WEST,False
1452,552,2025-10-22 14:45:47,PLACED,SOUTH,False
1453,514,2026-05-04 14:38:40,DELIVERED,EAST,False
1454,216,2026-05-29 00:15:06,SHIPPED,WEST,False
1455,162,2025-06-02 11:15:14,RETURNED,WEST,False
1456,427,2025-05-01 15:21:36,RETURNED,WEST,False
1457,311,2025-12-02 09:33:46,DELIVERED,EAST,False
1458,436,2024-10-14 03:00:42,PLACED,WEST,False
1459,419,2026-06-29 02:52:16,RETURNED,EAST,False
1460,,2026-01-20 04:44:09,DELIVERED,EAST,False
1461,25,2024-11-19 20:02:18,SHIPPED,CENTRAL,False
1462,221,2024-10-29 22:08:59,SHIPPED,NORTH,False
1463,334,2026-01-27 16:21:47,DELIVERED,NORTH,False
1464,400,2026-06-21 15:34:54,DELIVERED,EAST,False
1465,601,2025-08-25 10:30:52,DELIVERED,EAST,False
1466,449,2026-04-06 17:06:44,PLACED,NORTH,False
1467,424,2026-07-03 21:02:33,DELIVERED,CENTRAL,False
1468,91,2026-06-20 15:23:28,DELIVERED,EAST,False
1469,299,2025-02-09 02:22:59,DELIVERED,EAST,False
1470,370,2026-05-17 07:34:18,CANCELLED,SOUTH,False
1471,234,2025-01-30 01:39:15,DELIVERED,EAST,False
1472,24,2024-11-06 11:30:14,DELIVERED,WEST,False
1473,542,2026-03-21 10:15:31,DELIVERED,CENTRAL,False
1474,33,2025-04-06 16:41:16,SHIPPED,CENTRAL,False
1475,589,2025-10-09 00:00:00,PLACED,NORTH,False
1476,116,2025-05-21 00:13:59,CANCELLED,NORTH,False
1477,480,2026-02-06 19:56:34,DELIVERED,WEST,False
1478,477,2025-01-28 12:09:30,DELIVERED,EAST,False
1479,590,2025-06-14 01:20:29,DELIVERED,WEST,False
1480,412,2024-11-22 00:00:00,CANCELLED,NORTH,False
1481,,2024-12-15 02:31:32,CANCELLED,CENTRAL,False
1482,335,2026-07-18 16:02:17,SHIPPED,CENTRAL,False
1483,591,2025-06-26 04:28:38,SHIPPED,SOUTH,False
1484,547,2025-02-10 22:10:28,DELIVERED,CENTRAL,False
1485,71,2025-10-13 18:18:08,SHIPPED,SOUTH,False
1486,168,2025-08-02 08:32:11,RETURNED,SOUTH,False
1487,28,2025-05-09 20:57:11,DELIVERED,WEST,False
1488,,2026-07-03 04:08:57,SHIPPED,NORTH,False
1489,409,2025-03-28 08:21:18,DELIVERED,NORTH,False
1490,180,2025-06-14 17:20:09,DELIVERED,SOUTH,False
1491,124,2025-12-20 21:14:52,DELIVERED,EAST,False
1492,216,2026-07-13 20:11:14,DELIVERED,EAST,False
1493,468,2026-09-03 15:19:31,DELIVERED,NORTH,True
1494,318,2026-05-13 13:36:43,CANCELLED,EAST,False
1495,87,2026-06-24 14:21:13,CANCELLED,NORTH,False
1496,282,2025-05-01 07:42:43,PLACED,SOUTH,False
1497,10,2026-01-13 22:36:35,DELIVERED,NORTH,False
1498,215,2026-04-01 03:35:19,DELIVERED,WEST,False
1499,430,2024-08-24 13:16:05,RETURNED,SOUTH,False
1500,113,2026-07-16 00:00:00,SHIPPED,WEST,False
