customer_id,customer_name,email,registration_date,customer_type
1,Allison Hill,donaldgarcia@example.net,2026-04-12,REGULAR
2,Javier Johnson,jesseguzman@example.net,2024-03-13,REGULAR
3,Kimberly Robinson,lisa02@example.net,2024-11-14,PREMIUM
4,Daniel Gallagher,daviscolin@example.com,2025-05-31,REGULAR
5,Monica Herrera,smiller@example.net,2025-06-16,REGULAR
6,Laura Bush,stanleykendra@example.org,2026-03-03,REGULAR
7,Jamie Chavez,francisco53@example.net,2024-05-27,REGULAR
8,Maria Lynch,amandasanchez@example.com,2024-09-27,REGULAR
9,Margaret Hawkins DDS,perezantonio@example.com,2024-10-21,REGULAR
10,Thomas Bradley,jason76@example.net,2024-12-23,REGULAR
11,David Hoffman,julie69@example.com,2024-09-08,PREMIUM
12,Brenda Snyder PhD,hernandezernest@example.net,2024-11-13,REGULAR
13,James Ferrell,tasha01@example.net,2026-04-04,REGULAR
14,Patricia Peterson,ryan70@example.net,2026-03-25,REGULAR
15,Jonathan White,harrellkenneth@example.net,2025-02-15,PREMIUM
16,James Martin,georgetracy@example.org,2026-05-23,PREMIUM
17,Sandra Parker,allenashley@example.org,2023-11-10,VIP
18,Mr. Philip Cannon,donnaarroyo@example.org,2024-05-25,REGULAR
19,Jenny Lewis,jenniferross@example.net,2025-07-21,PREMIUM
20,Joseph Martinez,calebsmith@example.net,2024-04-17,REGULAR
21,Benjamin Welch,carlosjohnson@example.com,2023-10-25,REGULAR
22,Michael Lewis,jenniferkhan@example.net,2025-01-08,REGULAR
23,Rhonda Lee,hopkinsmichael@example.com,2025-01-01,REGULAR
24,Megan Joyce,brownjessica@example.org,2024-05-07,REGULAR
25,Jerry Henderson,steven17@example.net,2023-11-24,REGULAR
26,Kimberly Smith,housemelinda@example.org,2024-10-27,REGULAR
27,Dr. Steven Martin,gallowayjoseph@example.com,2024-06-16,VIP
28,Monica Logan,smoore@example.org,2026-07-05,PREMIUM
29,Kimberly Adkins,williamsthomas@example.net,2024-01-28,PREMIUM
30,Angela Lopez,leonardjoe@example.org,2026-06-05,REGULAR
31,Lauren Williams,barnesbrandy@example.net,2024-07-20,PREMIUM
32,Michael Edwards,randy47@example.com,2026-05-23,PREMIUM
33,Alexandra Howell,jonesjason@example.com,2024-01-01,PREMIUM
34,Benjamin Sanchez,eric84@example.net,2026-07-22,REGULAR
35,Kendra Contreras,sarah12@example.com,2023-12-13,REGULAR
36,Juan Nelson,jenniferharris@example.net,2026-02-28,VIP
37,Danielle Odonnell,davisrodney@example.com,2023-09-26,REGULAR
38,Carlos Whitney,joycearnold@example.com,2025-04-14,REGULAR
39,Tony Vazquez,amydavenport@example.net,2025-04-05,REGULAR
40,Andrew Diaz,nolanjason@example.org,2025-08-08,REGULAR
41,Justin Baxter,sarayoung@example.org,2026-07-13,REGULAR
42,Sierra Johnson,kimberly63@example.com,2024-01-30,PREMIUM
43,Janet Williams,dwalker@example.com,2024-07-08,REGULAR
44,Crystal Johnson,raymondramirez@example.org,2026-07-03,REGULAR
45,Martin Ross,sheila14@example.org,2025-05-06,REGULAR
46,Mrs. Linda Reed,samuel81@example.com,2026-04-20,PREMIUM
47,Andrew Graham,michaeljones@example.net,2026-05-14,REGULAR
48,Mary Martinez,william65@example.com,2025-09-11,REGULAR
49,Cheryl Ortega,lbyrd@example.net,2025-04-23,REGULAR
50,Roy Torres,russellcarpenter@example.net,2024-07-27,PREMIUM
51,Michael Dixon,michael.dixon,2025-12-25,PREMIUM
52,Nancy Hopkins,zachary95@example.org,2026-01-21,REGULAR
53,Megan Walker,dylanwilliams@example.com,2025-06-08,REGULAR
54,Joy Mercado,jennifercruz@example.com,2024-05-02,REGULAR
55,Abigail Potter,osbornejeffery@example.net,2025-02-26,PREMIUM
56,David Charles,danderson@example.net,2025-03-13,REGULAR
57,Emily Fischer,usalazar@example.net,2024-11-18,VIP
58,Jill Moore,wcole@example.org,2026-02-14,REGULAR
59,Richard Washington,joshuajones@example.com,2024-04-22,PREMIUM
60,Steven Miller,jessebenson@example.net,2024-03-30,PREMIUM
61,Gary Owens,clarkrobert@example.net,2026-06-10,PREMIUM
62,Spencer Johnston,wsmith@example.com,2025-11-11,REGULAR
63,Tiffany Barnes,tracynelson@example.com,2023-09-09,REGULAR
64,Michael Powell,marycalhoun@example.net,2025-03-16,PREMIUM
65,Leslie Alvarado,dayderek@example.com,2024-02-24,REGULAR
66,Garrett Gibson,kathleen64@example.com,2024-05-11,PREMIUM
67,Alec Ryan,jeffrey10@example.org,2026-06-14,REGULAR
68,Alex Hernandez,thomaswilson@example.org,2024-12-30,REGULAR
69,Jacob Obrien,stricklandfrank@example.com,2023-12-05,PREMIUM
70,Eric Byrd,tsanders@example.org,2023-10-31,REGULAR
71,Lori Garcia,melissa91@example.net,2025-12-13,REGULAR
72,Jeffrey Wood,alexander67@example.org,2024-11-26,REGULAR
73,Steven Stevens,ryangross@example.net,2024-05-31,REGULAR
74,Kimberly Webb,lpetersen@example.com,2024-07-27,REGULAR
75,Timothy Ramirez,dsanchez@example.net,2025-06-07,VIP
76,Allen Rosales,tonykelly@example.com,2024-08-16,REGULAR
77,Meredith Hill,blackjames@example.org,2025-10-06,REGULAR
78,Peter Vaughn DDS,bwest@example.org,2024-06-26,REGULAR
79,David Beck,thomas85@example.com,2026-08-05,REGULAR
80,Heather Chavez,john13@example.com,2023-12-18,REGULAR
81,Pamela Lopez,joannahill@example.net,2026-07-14,REGULAR
82,Diane Garcia,kennethward@example.com,2023-08-24,PREMIUM
83,Denise Mccann,heidi27@example.org,2026-03-22,REGULAR
84,Julie Alexander,tammyking@example.com,2023-12-12,REGULAR
85,John Ray,hernandezlisa@example.com,2023-11-10,VIP
86,Justin Butler,kimberlyjames@example.com,2024-06-29,REGULAR
87,Jessica Carroll,lynchjody@example.org,2025-06-24,PREMIUM
88,Brad Allen,moorericky@example.net,2025-05-20,REGULAR
89,David Mann,ojones@example.com,2025-12-19,REGULAR
90,Mary Peck,owilson@example.net,2024-01-19,PREMIUM
91,Charles Brown,brooke94@example.com,2023-12-23,VIP
92,Melissa Bender,mkim@example.org,2026-04-09,REGULAR
93,Lindsey Johnson,suzannehuff@example.net,2025-05-13,PREMIUM
94,Phillip Underwood,hinesgregory@example.net,2025-07-23,REGULAR
95,Catherine Richards,ecosta@example.com,2024-10-29,REGULAR
96,Brian Martin,ssteele@example.net,2026-06-09,REGULAR
97,Krista Gibson,johnny16@example.net,2026-01-29,REGULAR
98,Sean Murray,lopezmichael@example.com,2025-06-24,REGULAR
99,Christina Dunn,samuel71@example.org,2026-07-10,VIP
100,Cynthia Moore,tranchristopher@example.org,2024-12-26,VIP
101,Ronnie Jimenez,william46@example.com,2026-07-18,PREMIUM
102,Juan Reyes,michellehill@example.com,2024-08-15,REGULAR
103,Debra Smith,mary97@example.org,2024-12-10,REGULAR
104,Mr. Phillip Bennett,molly39@example.com,2024-04-20,REGULAR
105,Amanda Garner,qhughes@example.net,2026-07-18,REGULAR
106,Andrew Shaw MD,sawyerscott@example.net,2026-05-02,REGULAR
107,Charles Pitts,charlesharrington@example.com,2024-08-14,VIP
108,Marie Christian,ofinley@example.net,2026-04-07,REGULAR
109,Joshua Williamson II,wendy16@example.org,2025-11-19,REGULAR
110,Ashlee Jackson,rebecca05@example.org,2024-06-25,VIP
111,Charles Schmidt,georgemiller@example.com,2025-06-18,REGULAR
112,Thomas Thomas,dlittle@example.com,2025-08-08,REGULAR
113,Julie Roberts,charleslandry@example.net,2024-07-01,REGULAR
114,Melissa Bryant,james67@example.org,2024-04-24,REGULAR
115,Laura Haney,andrew64@example.org,2025-04-20,REGULAR
116,Natasha Williams,swall@example.org,2025-06-04,REGULAR
117,Mark Oliver,courtneyberger@example.net,2023-09-21,REGULAR
118,Amanda Diaz,christopherphillips@example.net,2024-11-06,PREMIUM
119,Richard Walter,alyssa42@example.com,2026-05-06,REGULAR
120,Tracy Phillips,linda71@example.org,2025-11-12,REGULAR
121,Michael Craig,zcoffey@example.net,2024-09-12,REGULAR
122,Alexis Herrera,vrichardson@example.net,2024-05-22,REGULAR
123,Mark Watson,thomasharvey@example.net,2024-08-02,REGULAR
124,Maria Reid,tblankenship@example.net,2024-10-29,PREMIUM
125,Tracy Torres,pwilson@example.net,2024-01-04,REGULAR
126,Michael Paul,umatthews@example.org,2026-04-05,REGULAR
127,Sandra Gilbert,antonio53@example.com,2024-12-08,VIP
128,Jack Pollard,amy50@example.com,2024-06-06,REGULAR
129,Tiffany Holloway,batesdarlene@example.net,2026-07-08,REGULAR
130,Gavin Zhang,caseyhubbard@example.org,2025-05-12,PREMIUM
131,Crystal Schroeder,ramireztracey@example.org,2025-03-23,REGULAR
132,Ashley Delacruz,alexistyler@example.org,2025-05-15,PREMIUM
133,Derek Martinez,vfox@example.org,2025-01-11,PREMIUM
134,Kayla Rodriguez,soniawilliams@example.net,2025-03-02,PREMIUM
135,Victor Brown,example.com,2025-01-14,VIP
136,Michael Henry,fjones@example.com,2025-06-05,PREMIUM
137,Donald Schultz,oscar98@example.com,2024-12-18,PREMIUM
138,Annette Miles,russellbeasley@example.com,2024-08-14,REGULAR
139,Jason Davis,qedwards@example.com,2026-06-19,REGULAR
140,Kara Davis,daviscolin@example.net,2024-09-20,PREMIUM
141,Anthony Frye,elizabeth65@example.net,2026-06-05,REGULAR
142,Thomas Williams,caroline51@example.net,2025-02-15,VIP
143,John Boone,megan51@example.com,2025-04-29,PREMIUM
144,Sarah Villegas,lynchdiane@example.net,2024-05-28,REGULAR
145,Michael Parker,michael22@example.net,2025-07-29,REGULAR
146,Patrick Bonilla,reesejason@example.com,2024-12-18,REGULAR
147,Eric Nguyen,wareeric@example.net,2023-10-02,PREMIUM
148,Jeremy Coleman,nperry@example.net,2023-12-11,REGULAR
149,Douglas Gregory,trose@example.org,2024-04-06,PREMIUM
150,Mrs. Christine Dougherty,kathrynroberts@example.org,2023-08-17,REGULAR
151,Casey James,vincentwhitaker@example.com,2023-10-26,REGULAR
152,Amanda Smith,atkinsbarbara@example.net,2024-10-25,REGULAR
153,Donna Sullivan,george97@example.net,2026-05-13,VIP
154,Ryan Sanchez,zwarren@example.com,2025-11-03,REGULAR
155,Richard Jones,schmidtjames@example.com,2024-08-27,PREMIUM
156,Maria Hernandez,thomasjames@example.net,2024-01-23,REGULAR
157,Angela Bean,kmarshall@example.net,2024-12-13,PREMIUM
158,Kristy Reid,michelle52@example.com,2023-10-22,PREMIUM
159,Eric Hill,bellcharles@example.com,2024-12-16,REGULAR
160,Ronald Jones,gilbertwilliam@example.com,2025-05-06,PREMIUM
161,Nancy Williams,marcalvarez@example.org,2026-06-23,REGULAR
162,Robert Monroe,wagnergerald@example.org,2025-09-22,VIP
163,Kelly Bishop MD,paul59@example.org,2025-12-20,REGULAR
164,Andrea Davis,umitchell@example.net,2026-06-30,PREMIUM
165,Brittany Miller,sabrinacollins@example.net,2025-09-12,REGULAR
166,Kurt Hurley,angelica52@example.net,2025-09-17,REGULAR
167,Yolanda Gaines,lucasrodney@example.com,2023-08-28,REGULAR
168,Trevor Peterson,ilee@example.org,2023-11-01,VIP
169,Ashley Wise,stanleynancy@example.net,2023-12-30,PREMIUM
170,Christopher Guerra,jenniferwilliams@example.com,2025-08-19,REGULAR
171,Jeremy Mitchell,pyoung@example.com,2026-07-02,REGULAR
172,Stephanie Lee,smurray@example.com,2025-02-10,REGULAR
173,Christopher Gonzalez,moniquewilliams@example.com,2026-03-24,REGULAR
174,Ashley Singleton,mitchellkathryn@example.com,2024-12-13,PREMIUM
175,Sandra Davis,lisawilkerson@example.org,2024-11-05,REGULAR
176,James Hughes,brooksanthony@example.org,2026-02-13,PREMIUM
177,Raven Taylor,samantha72@example.net,2025-01-04,REGULAR
178,Susan Smith,marydunn@example.net,2025-06-06,REGULAR
179,Ricardo Young,williamsrobert@example.net,2024-12-21,REGULAR
180,Taylor Carlson,chenbailey@example.net,2024-01-13,REGULAR
181,Lucas Allen,qlopez@example.org,2025-03-04,REGULAR
182,Troy Stephens,myerstheodore@example.net,2024-10-06,REGULAR
183,Paul Kelly,cooperjessica@example.net,2023-11-30,REGULAR
184,Nicole Anderson,amy27@example.net,2025-01-14,PREMIUM
185,Chad Baldwin,mjohnson@example.org,2025-12-23,VIP
186,Emily Collins,ihays@example.com,2024-05-12,REGULAR
187,Cheryl Kelly,glennmartin@example.org,2026-01-01,VIP
188,James Gonzales,lmorgan@example.com,2025-09-05,PREMIUM
189,Robert Adams,acostachristian@example.net,2026-08-03,REGULAR
190,Edward Garcia,donna47@example.net,2025-10-03,REGULAR
191,Jeremy West,christina64@example.net,2026-07-18,REGULAR
192,Angela Walsh,william20@example.org,2026-02-24,REGULAR
193,Jessica Martinez,kimberlydiaz@example.com,2026-06-14,PREMIUM
194,Christian Cole,nathan19@example.org,2025-03-11,PREMIUM
195,Matthew Wright,johnsonjacob@example.net,2024-10-06,REGULAR
196,Deborah Green,nlewis@example.com,2025-09-07,PREMIUM
197,Mrs. Brandy Jones MD,zosborn@example.net,2026-07-04,REGULAR
198,Miss Michelle Pierce,patricia22@example.com,2025-02-16,PREMIUM
199,Curtis Taylor,jjohnson@example.net,2024-09-16,REGULAR
200,Kristen Salazar,jonesraymond@example.net,2025-10-04,REGULAR
201,Patricia Morrow,martinezlogan@example.org,2024-12-14,VIP
202,Haley Humphrey,katrinaanderson@example.net,2026-05-03,PREMIUM
203,Caleb Hernandez,fernandodonovan@example.org,2024-08-22,PREMIUM
204,Stephanie Singleton,james84@example.org,2025-06-24,REGULAR
205,Anna Davidson,georgeweber@example.net,2024-08-13,REGULAR
206,Amanda Shields,williamsdarlene@example.net,2024-05-25,PREMIUM
207,Kenneth Montgomery,jimenezcourtney@example.com,2025-07-12,REGULAR
208,David Aguirre,eevans@example.net,2023-10-13,PREMIUM
209,John Harris,larryhiggins@example.net,2026-07-26,REGULAR
210,James Hodges,floressteven@example.com,2024-12-13,REGULAR
211,Anthony Dougherty,kwright@example.com,2026-05-28,REGULAR
212,Cheryl Moore,tjimenez@example.com,2023-09-03,REGULAR
213,Kathy Levy,brandywilliams@example.com,2025-02-01,PREMIUM
214,Martha Ruiz,booneryan@example.com,2025-10-14,PREMIUM
215,Holly Morales,michaelroberts@example.com,2025-02-11,REGULAR
216,Diana Hays,andersoncolin@example.com,2025-12-27,PREMIUM
217,Todd Fischer,carriemorales@example.org,2023-09-27,REGULAR
218,Gary Wells,ghernandez@example.org,2024-08-02,REGULAR
219,Carla Ewing,brittney88@example.net,2025-01-26,REGULAR
220,Karen Smith,emily69@example.com,2025-12-29,REGULAR
221,Melissa Johnson,pbaker@example.net,2025-05-03,PREMIUM
222,Lauren Jackson,rhernandez@example.org,2023-09-12,PREMIUM
223,Ashley Smith,robert63@example.com,2025-02-08,REGULAR
224,Kaitlyn Charles,thorntonapril@example.net,2024-07-30,REGULAR
225,Kelly Edwards,stevepatel@example.net,2024-08-31,PREMIUM
226,Michelle Schneider,chelsea33@example.com,2025-04-11,PREMIUM
227,William Evans,janet75@example.com,2024-08-25,REGULAR
228,Rebecca Hill,berryamy@example.com,2026-01-21,REGULAR
229,Regina Roberts,stephanie15@example.com,2025-07-27,REGULAR
230,Cindy Clayton,sarah42@example.org,2025-06-13,REGULAR
231,Dana Santiago,danawilliams@example.com,2024-08-05,PREMIUM
232,Michael Taylor,richarddonovan@example.com,2025-01-13,REGULAR
233,Victor Morris,velezchristopher@example.net,2024-04-19,REGULAR
234,Sarah Johnson,robertmonroe@example.org,2026-08-05,REGULAR
235,Jon Zuniga,nancy04@example.net,2025-05-30,REGULAR
236,Frances Gibson,ismall@example.net,2025-01-02,PREMIUM
237,Brian Martin,twong@example.org,2023-08-24,PREMIUM
238,Edward Craig,gregorychase@example.com,2026-01-31,REGULAR
239,Angie Caldwell,tinawoods@example.org,2023-08-16,REGULAR
240,Jeremy Adams,kevin90@example.com,2025-07-25,VIP
241,Amy Wilson,erik84@example.net,2023-12-15,REGULAR
242,Elizabeth Mendez,susanmendoza@example.com,2025-11-05,PREMIUM
243,Jennifer Dunn,ztodd@example.net,2026-01-29,PREMIUM
244,Melanie Larson,foxallison@example.com,2023-11-02,PREMIUM
245,Amy Kelley,ashleyhernandez@example.com,2026-03-02,REGULAR
246,Michael Love,gdavis@example.com,2026-01-11,REGULAR
247,Jose Bryant,hansenemily@example.com,2025-10-09,PREMIUM
248,Robert Reese,williamsmelvin@example.org,2025-03-24,PREMIUM
249,Steven Andersen,ajohnson@example.org,2025-11-28,VIP
250,Veronica Brewer,ybrooks@example.com,2026-03-19,VIP
251,Jaime Vega,desireebailey@example.org,2026-08-01,PREMIUM
252,Cameron Irwin,avilatiffany@example.com,2025-08-16,REGULAR
253,Kim Morrow,stevenmoore@example.org,2026-06-01,REGULAR
254,Ashley Pacheco,bmendez@example.org,2024-03-21,REGULAR
255,Andrew Harper,sanchezbradley@example.com,2024-04-21,REGULAR
256,Scott Brown,jim95@example.net,2025-05-25,REGULAR
257,Erica Turner,valerieboyd@example.com,2024-07-03,REGULAR
258,Travis Hobbs,conniesimmons@example.com,2023-09-29,REGULAR
259,Mason James,heather62@example.com,2024-09-24,REGULAR
260,Kara Atkinson,meredith27@example.org,2025-04-16,REGULAR
261,Kristin Anderson,jonathanrivera@example.org,2026-05-15,VIP
262,Anna Hardy,brettbennett@example.net,2025-05-30,REGULAR
263,Chelsea Gill,timothybooth@example.com,2024-07-06,PREMIUM
264,Christy Lee,burgesskaren@example.org,2025-09-09,REGULAR
265,Jennifer Allen,kimberly67@example.net,2025-07-19,REGULAR
266,Ian Andrade,ugarcia@example.com,2025-11-20,REGULAR
267,Dale Edwards,hartjeffrey@example.org,2023-08-26,REGULAR
268,Lauren Cortez,elijah53@example.com,2025-04-24,VIP
269,Juan Harding,jonathan77@example.com,2024-02-09,PREMIUM
270,Caroline Cortez,iwhite@example.net,2026-06-23,REGULAR
271,Sara Jones,duranrobert@example.net,2024-04-18,VIP
272,Alexa Wagner,bruce97@example.net,2025-01-24,VIP
273,Juan Smith,amanda40@example.net,2026-01-16,VIP
274,Renee Browning,hullalice@example.org,2024-03-06,REGULAR
275,Robin Adams,zmiller@example.com,2025-04-19,REGULAR
276,Courtney Sutton DVM,davisnicholas@example.net,2025-01-11,REGULAR
277,Michele Miller,vnewman@example.net,2026-07-15,PREMIUM
278,Stephanie Ellison,jasonparrish@example.net,2025-01-11,REGULAR
279,Benjamin Frost,whitemelissa@example.org,2026-06-27,REGULAR
280,Nicole Marquez,thickman@example.org,2025-04-18,REGULAR
281,Sarah Rhodes,patrick21@example.net,2025-11-03,REGULAR
282,Brent Hall,petersonkayla@example.net,2024-10-16,REGULAR
283,Alyssa Nelson,whenry@example.net,2026-06-05,REGULAR
284,Michael Guerrero,bartonkenneth@example.org,2025-09-28,REGULAR
285,Christian Dawson,jodistewart@example.org,2023-11-17,REGULAR
286,Jill Juarez,andersonjacob@example.com,2025-04-10,PREMIUM
287,Ashley Davis,carlsonkristen@example.com,2023-08-22,VIP
288,Richard Hardy,ashleyjackson@example.com,2024-02-10,REGULAR
289,Derrick Thomas,ryanfisher@example.com,2025-12-13,REGULAR
290,Tony Le,mwheeler@example.com,2023-12-04,REGULAR
291,Travis Cook,vbrock@example.com,2024-08-09,REGULAR
292,Shannon Mccann,kevinmorrison@example.net,2024-03-16,PREMIUM
293,Vincent Novak,jessica79@example.org,2024-07-31,PREMIUM
294,Richard Diaz,brittanygardner@example.net,2025-11-27,REGULAR
295,Nicholas Hahn,samuelcarter@example.net,2023-10-23,REGULAR
296,Rebecca Chambers,cynthiaallen@example.net,2024-01-24,REGULAR
297,James Cole,iaguilar@example.net,2026-05-17,REGULAR
298,Jennifer Johnson,jacqueline89@example.net,2026-05-07,REGULAR
299,David Ortega,deborahwilliams@example.net,2025-08-20,REGULAR
300,Paul Sheppard,grodriguez@example.com,2024-04-08,REGULAR
301,Kristin Watts,seanmyers@example.net,2025-05-15,REGULAR
302,Haley Johnson,phillipssamantha@example.org,2023-12-14,PREMIUM
303,Brenda Collins,hmueller@example.com,2024-08-24,REGULAR
304,Nathan Chavez,evanslisa@example.org,2023-09-02,REGULAR
305,Brian Marsh,zacharyarnold@example.com,2025-04-13,PREMIUM
306,Crystal Sullivan,jacobsandoval@example.com,2023-09-09,REGULAR
307,Christina Vargas,nsmith@example.org,2024-06-09,VIP
308,Rebecca Ray,michaelgonzalez@example.org,2024-05-22,REGULAR
309,Kelsey Fowler,lcarr@example.org,2024-08-24,REGULAR
310,Lisa Cervantes,samantha91@example.net,2024-01-02,PREMIUM
311,Eric White,williambarnes@example.org,2025-04-29,PREMIUM
312,John Medina,angelaburns@example.org,2024-03-01,PREMIUM
313,Lisa Glenn,washingtonjames@example.com,2026-06-30,PREMIUM
314,Kathleen Cohen,cmckinney@example.com,2024-02-08,REGULAR
315,Rebecca Walker,hillamanda@example.org,2025-12-11,REGULAR
316,Patricia Simpson,armstrongjoseph@example.net,2026-01-27,PREMIUM
317,Rodney Williams,bpayne@example.org,2025-10-23,REGULAR
318,Danielle Golden,colemichael@example.org,2024-12-02,PREMIUM
319,Patricia Young PhD,michelle96@example.org,2025-06-14,REGULAR
320,Robin Trujillo,amanda98@example.org,2024-07-28,REGULAR
321,Donna Adams,taylorkaren@example.com,2026-05-11,PREMIUM
322,Sharon Martinez DVM,dustinmorris@example.org,2025-11-20,REGULAR
323,Katherine Ray,example.com,2024-05-29,REGULAR
324,Jesse Schultz,powellkara@example.net,2026-05-31,REGULAR
325,Travis Murphy,meltonmelanie@example.org,2025-10-18,VIP
326,Matthew Howard,flynnraymond@example.com,2026-01-29,PREMIUM
327,Frank Campbell MD,ashleewashington@example.com,2026-04-14,REGULAR
328,Amber Sims,ksmith@example.com,2024-12-21,REGULAR
329,Jessica Forbes DVM,erik41@example.net,2024-09-07,REGULAR
330,Matthew Banks,sanderskevin@example.net,2025-11-13,VIP
331,Brandon Davis,thomasanderson@example.org,2025-02-28,PREMIUM
332,Adam Cooper,mcneilrobert@example.org,2025-01-13,PREMIUM
333,Brandon Shaffer,edwardsnicole@example.org,2024-10-01,REGULAR
334,Shelly May,caseyelliott@example.net,2025-07-21,REGULAR
335,Nathan Fuller,samanthajensen@example.com,2026-03-08,VIP
336,Brian Goodwin,bbell@example.com,2025-12-23,PREMIUM
337,Matthew Wright,kimberly04@example.org,2025-02-26,PREMIUM
338,Nicole Phillips,bowerslaura@example.org,2025-02-01,REGULAR
339,Jonathan Wheeler,hatfieldsarah@example.org,2024-10-05,PREMIUM
340,Jennifer Payne,kathrynbest@example.org,2023-08-27,REGULAR
341,Dennis Williams,fryraymond@example.com,2025-06-27,REGULAR
342,Jennifer Miles,davidsonamanda@example.org,2024-06-08,REGULAR
343,Jorge Harris,amandamyers@example.net,2025-11-22,REGULAR
344,Maria Collins,pblair@example.org,2024-05-02,PREMIUM
345,Audrey Salazar,parkerjudith@example.net,2024-02-17,PREMIUM
346,Chad Smith,hbenton@example.net,2025-12-14,PREMIUM
347,Carol Martinez,jessica10@example.com,2026-01-09,PREMIUM
348,Austin Joseph,crawfordwilliam@example.org,2025-02-06,REGULAR
349,Holly Scott,shannonemily@example.org,2024-04-15,PREMIUM
350,Amanda Roy,brandoncox@example.org,2024-02-21,PREMIUM
351,Amanda Pratt,pwalker@example.com,2026-05-08,REGULAR
352,Roger Duncan,shawrachel@example.org,2024-04-09,PREMIUM
353,Amber Morales,xcline@example.com,2024-08-01,REGULAR
354,Aimee Gonzalez,jodi37@example.com,2025-05-18,PREMIUM
355,Raymond Gonzalez DVM,edwardrandolph@example.org,2024-04-20,VIP
356,Ryan Wiley,aaron64@example.org,2024-03-20,REGULAR
357,Mrs. Tonya Kaufman,jenniferdavis@example.org,2026-04-18,REGULAR
358,Mercedes Watson,carpenterwilliam@example.net,2026-01-23,REGULAR
359,Keith Graham,joelgreen@example.com,2026-05-19,REGULAR
360,Ronnie Nguyen,enelson@example.org,2024-01-05,PREMIUM
361,Ashley Garcia,aowens@example.org,2025-03-18,VIP
362,Christine Parker,melissa12@example.net,2024-07-07,PREMIUM
363,Lindsey Lewis,eddie35@example.com,2025-02-21,REGULAR
364,Debbie Ewing,cranemelissa@example.net,2025-11-05,REGULAR
365,Joel Lara,davidbrown@example.org,2023-12-30,VIP
366,Jacqueline Mccoy,aguilarjonathan@example.org,2023-09-01,REGULAR
367,Steven Ramos,christopherboone@example.com,2023-12-21,REGULAR
368,Amber Glass,zunderwood@example.com,2023-09-10,REGULAR
369,Carrie Lewis,joshuagriffin@example.org,2023-09-15,PREMIUM
370,Danielle Phillips,eandrade@example.org,2023-11-13,REGULAR
371,Jason Day,crystalpham@example.org,2026-07-28,REGULAR
372,Heather Stephens,kcooper@example.net,2024-07-26,PREMIUM
373,Alexander Harper,huangkimberly@example.org,2026-01-11,REGULAR
374,Hunter Silva,terrigarcia@example.net,2024-04-29,REGULAR
375,Raven Mclaughlin,barbaramcgrath@example.com,2024-08-31,REGULAR
376,Sarah Thompson,linda59@example.org,2025-09-17,VIP
377,Keith Thomas,marycochran@example.com,2025-03-25,REGULAR
378,Andrew Brown,andrewwoods@example.com,2026-05-11,REGULAR
379,Carlos Love,brian29@example.net,2026-05-10,PREMIUM
380,Sarah Valencia,brookssheri@example.com,2025-05-12,PREMIUM
381,Frank Daugherty,fconner@example.net,2024-07-21,REGULAR
382,Kristina Preston,jeffrey92@example.com,2024-07-10,REGULAR
383,Bethany Daniel,xrosales@example.net,2023-09-13,REGULAR
384,Tammy Ponce,daniellegarcia@example.com,2024-01-10,PREMIUM
385,Cynthia Haas,daisymccarty@example.net,2025-08-12,REGULAR
386,Gabriela Smith,johnjones@example.com,2025-12-18,REGULAR
387,Amber Kim,acosta@example.com,2026-04-01,VIP
388,James Poole,franciscojones@example.org,2024-06-27,REGULAR
389,Trevor Jones,pamelamartin@example.org,2025-03-30,PREMIUM
390,Anna Wheeler,bbush@example.net,2024-02-05,PREMIUM
391,Brooke Garcia,terriortiz@example.net,2025-10-08,REGULAR
392,Deborah Campbell,codylong@example.net,2026-02-14,VIP
393,Isaac Patterson,madison97@example.org,2023-11-23,REGULAR
394,Mark Rowland,tanthony@example.com,2025-01-06,VIP
395,Deborah May,ylopez@example.com,2024-02-29,PREMIUM
396,Jeremiah Baker,anne21@example.org,2025-08-10,REGULAR
397,Jennifer Avila,angelarandall@example.net,2024-11-09,REGULAR
398,Sharon Wells,thomasmiller@example.net,2023-09-16,REGULAR
399,Kellie Duncan,davidtodd@example.org,2026-06-14,REGULAR
400,Daniel Lee,hendersonvanessa@example.com,2024-03-17,REGULAR
401,Brittany Larson,renee11@example.com,2025-04-09,REGULAR
402,Shannon Stone,buchanancindy@example.net,2025-12-12,REGULAR
403,Chase Knight,buckleyanna@example.org,2025-12-17,REGULAR
404,Sheryl Humphrey,patrick79@example.net,2025-01-08,REGULAR
405,Jamie Montgomery,vwilliams@example.net,2024-04-25,REGULAR
406,Tammie Prince,morganlaura@example.com,2024-06-11,REGULAR
407,Michael Garcia PhD,kevinmanning@example.com,2024-05-30,PREMIUM
408,Matthew Lopez,robinrussell@example.com,2025-11-18,PREMIUM
409,Samantha Robertson,cameronmckinney@example.com,2024-01-04,PREMIUM
410,Sherry Johnson,nancygonzalez@example.org,2024-05-08,PREMIUM
411,Thomas Bush,micheal78@example.com,2025-07-05,VIP
412,Andre Watson,ethompson@example.net,2025-04-04,REGULAR
413,Ryan Green,mitchellpaul@example.org,2026-03-01,REGULAR
414,Cindy Walker,ericaadams@example.com,2025-02-21,PREMIUM
415,Tracy Fleming,pbuck@example.org,2025-05-28,REGULAR
416,David Trujillo,jennifer46@example.com,2026-02-27,PREMIUM
417,Daniel Turner,asilva@example.net,2026-08-08,PREMIUM
418,Sara Hoffman,kenneth17@example.org,2024-08-11,REGULAR
419,Frederick Hill,jacob83@example.org,2026-01-07,REGULAR
420,Lindsay Guerrero,jenniferrios@example.com,2024-05-19,PREMIUM
421,James Johnson,matthewreeves@example.net,2025-03-16,PREMIUM
422,Susan Powers,megan82@example.com,2023-11-23,REGULAR
423,David Stokes,staceylam@example.net,2023-11-14,PREMIUM
424,Patrick Parker,nathan94@example.com,2026-02-26,PREMIUM
425,Sean Silva,kennedyjames@example.org,2026-03-16,REGULAR
426,Edwin Brown,derrickgonzalez@example.com,2026-07-25,VIP
427,Victoria Thomas,kimberlyfreeman@example.net,2026-07-25,PREMIUM
428,Anthony Hayes,kathleenjackson@example.org,2025-01-26,REGULAR
429,Anita Mendez,epowell@example.com,2023-08-14,PREMIUM
430,Monica Dodson,katherine83@example.org,2025-08-19,PREMIUM
431,Danielle Steele,larry16@example.net,2025-05-15,REGULAR
432,Rodney Evans,stephen89@example.net,2024-08-13,REGULAR
433,Whitney Cooper,mhoward@example.org,2026-06-13,REGULAR
434,Jennifer Perez,jasonjohnson@example.net,2024-02-10,REGULAR
435,Matthew Johnson,kelsey90@example.net,2026-08-03,REGULAR
436,Martha Smith,butleromar@example.net,2024-05-12,PREMIUM
437,Christine Jennings,turnerdorothy@example.net,2025-03-01,REGULAR
438,Mercedes Barnes,huntchristine@example.com,2023-12-11,REGULAR
439,Craig Gonzalez,marie35@example.net,2024-10-31,REGULAR
440,Joshua Lozano,arivera@example.org,2025-08-14,REGULAR
441,Sara Caldwell,stacychan@example.org,2025-10-10,VIP
442,David Hall,joseph01@example.org,2026-03-24,REGULAR
443,Heather Rhodes,grodgers@example.org,2023-08-19,REGULAR
444,Matthew Murphy,rfriedman@example.net,2023-11-18,PREMIUM
445,Catherine Morales,ynelson@example.net,2026-02-26,REGULAR
446,Mariah Robles,andersonjessica@example.org,2023-11-30,REGULAR
447,Karen Carroll,ywhite@example.com,2025-06-09,REGULAR
448,Sheryl Acosta,timothyfreeman@example.com,2024-12-03,REGULAR
449,Matthew Smith,tiffanysantiago@example.com,2025-02-27,VIP
450,Lisa Reynolds,timothyalvarado@example.net,2024-10-03,VIP
451,Kristin Huerta,smithsarah@example.net,2026-02-24,REGULAR
452,Sheila Jones,vflores@example.com,2023-10-03,PREMIUM
453,Mason Powell,christianwallace@example.net,2024-12-12,REGULAR
454,Jillian Wilson,bmcgee@example.org,2024-10-24,REGULAR
455,Joshua Petersen,pamela83@example.net,2025-08-13,REGULAR
456,Heidi Brown,meganrivera@example.net,2025-05-27,PREMIUM
457,Heidi Chavez,malonejeffrey@example.com,2024-09-01,PREMIUM
458,Rebecca Kelley,jacqueline02@example.com,2024-01-09,PREMIUM
459,Mikayla Rodriguez,jacobconrad@example.com,2024-04-01,PREMIUM
460,Cheryl Morgan,owilliams@example.net,2025-05-15,PREMIUM
461,Joanna Barrett,tamarasmith@example.net,2023-10-01,PREMIUM
462,Sara Webb,heatherthompson@example.org,2023-11-30,REGULAR
463,Lisa Morris,mbarnes@example.net,2025-11-21,PREMIUM
464,Victor Waller,iballard@example.com,2025-05-30,REGULAR
465,Kayla Cameron,jennifer83@example.org,2024-03-25,REGULAR
466,Melissa Morse,tinasantos@example.org,2025-02-11,REGULAR
467,Erica Wilson,anna99@example.net,2025-09-25,REGULAR
468,Stephanie Ferguson,hstokes@example.org,2023-09-05,PREMIUM
469,Michael Gonzalez,tonyavega@example.org,2026-02-13,PREMIUM
470,Elizabeth Molina,howardshaun@example.net,2026-03-17,PREMIUM
471,Sharon Newton,yyoung@example.net,2024-06-19,REGULAR
472,Tammy Hughes,tammy00@example.net,2024-05-10,VIP
473,Priscilla Berg,rhondabush@example.net,2024-09-15,VIP
474,Nancy Gonzalez,kellythompson@example.net,2023-10-29,PREMIUM
475,Nancy Wilson,pattersonangela@example.org,2024-02-01,VIP
476,Abigail Owens,billmcfarland@example.net,2023-10-03,REGULAR
477,Lisa Stanley,jtyler@example.com,2023-10-27,REGULAR
478,Kelly Krueger,hartmanerik@example.net,2025-03-19,REGULAR
479,Daniel Lewis,mark43@example.net,2025-03-12,PREMIUM
480,Samantha Zavala MD,sean99@example.org,2026-06-24,PREMIUM
481,Erica Moon,cruzamber@example.com,2023-09-05,REGULAR
482,Patricia Robertson,stucker@example.net,2024-03-06,REGULAR
483,Tiffany Jackson,simsjason@example.net,2025-12-03,REGULAR
484,Jessica Garcia,elucas@example.net,2025-08-29,REGULAR
485,Mitchell Johnson,brownlaura@example.net,2023-10-25,PREMIUM
486,Susan Russell,bmccoy@example.com,2023-08-27,REGULAR
487,Kimberly May,avilabrenda@example.net,2026-02-23,REGULAR
488,Jonathan Roberts,catherine47@example.com,2024-10-15,REGULAR
489,Kara Ferguson,julierobles@example.net,2024-06-27,REGULAR
490,Elizabeth Eaton,susan08@example.net,2024-01-10,REGULAR
491,Kenneth Long,torreskaitlin@example.net,2024-08-19,PREMIUM
492,Matthew Hunt,jackjensen@example.com,2024-03-08,VIP
493,Robert Phelps,enewman@example.com,2025-08-14,PREMIUM
494,Craig Carpenter,michael31@example.com,2025-06-17,REGULAR
495,Emily Hayes,heather29@example.net,2024-09-11,REGULAR
496,Jeffrey Smith,kristenjoseph@example.net,2024-11-28,VIP
497,Brandy Quinn,wford@example.com,2025-01-23,REGULAR
498,Matthew Miller,michele28@example.org,2024-05-23,VIP
499,Angela Jones,atkinsoncrystal@example.net,2025-05-04,REGULAR
500,Christy Johnson,amy87@example.net,2025-12-05,REGULAR
501,Daniel Barton,dennis88@example.org,2024-10-16,REGULAR
502,Mary Charles,katherinetaylor@example.org,2024-02-21,REGULAR
503,Mary Faulkner,ccrosby@example.org,2025-11-20,PREMIUM
504,Dennis Young,aprilmoody@example.com,2025-01-04,PREMIUM
505,Anthony Hooper,dakota84@example.net,2024-05-23,REGULAR
506,Carrie Valdez,briana18@example.com,2024-09-24,PREMIUM
507,Kelli Gomez,tommy79@example.org,2025-02-09,REGULAR
508,Christopher Jones,jason22@example.com,2025-05-29,REGULAR
509,Mary Perry,jennifer77@example.com,2024-03-26,REGULAR
510,Roy Johnson,andersonbrittany@example.org,2025-06-28,PREMIUM
511,Kenneth Brown,sandra86@example.net,2026-07-06,REGULAR
512,Sherry Luna,stacey37@example.net,2026-08-01,REGULAR
513,Carolyn Greer,laurahoover@example.org,2025-06-22,REGULAR
514,Carol Jennings,ecarlson@example.org,2024-09-26,REGULAR
515,Alan Mills,mserrano@example.org,2024-02-19,PREMIUM
516,Linda Rich,davisdonna@example.net,2025-03-22,REGULAR
517,Todd Gregory,xboyd@example.org,2025-09-11,REGULAR
518,Todd Olson,zbell@example.net,2026-04-30,REGULAR
519,Laura Coleman,thomas31@example.com,2025-05-25,PREMIUM
520,Deanna Smith,lanedavid@example.org,2024-09-23,PREMIUM
521,Robert Ortiz,mooredenise@example.com,2024-05-21,PREMIUM
522,Krystal Carr,afischer@example.net,2025-12-15,REGULAR
523,Mr. Justin King,becky62@example.net,2023-12-17,VIP
524,Richard Avery,lewisrichard@example.com,2026-01-02,PREMIUM
525,Melinda Williams,aoconnell@example.org,2026-01-27,REGULAR
526,Kyle Davis,jeffrey19@example.org,2025-10-11,VIP
527,Jennifer Douglas,jennifer90@example.org,2025-07-10,REGULAR
528,Dakota Sandoval,james98@example.net,2025-09-12,PREMIUM
529,Megan Ward,cantrellchristopher@example.com,2025-12-10,VIP
530,James Willis,mclaughlincasey@example.org,2025-04-02,REGULAR
531,Kristin Aguilar,sylvia43@example.net,2026-06-29,REGULAR
532,Jared Smith,richardrodriguez@example.org,2025-02-10,PREMIUM
533,Bruce Palmer,nancy94@example.net,2024-12-06,REGULAR
534,John Sanchez,susan77@example.net,2026-03-10,REGULAR
535,Mr. James Kramer,ericahall@example.com,2024-11-03,PREMIUM
536,Joseph Haynes,john16@example.net,2025-11-06,PREMIUM
537,Justin White,michael94@example.org,2026-06-12,PREMIUM
538,Susan Porter,jimmyallen@example.com,2024-03-22,PREMIUM
539,David Montgomery,kimberlywilson@example.org,2025-08-18,REGULAR
540,Lisa Duran,charlesnathan@example.com,2025-01-29,REGULAR
541,Dr. Sheila Henry,raymond92@example.org,2025-03-07,REGULAR
542,Todd Johnson,phillip27@example.org,2025-09-12,REGULAR
543,Michael Smith,nicolasgarcia@example.com,2025-06-10,REGULAR
544,Joshua Young,vmullen@example.com,2024-02-26,VIP
545,Jason Goodwin,melissa47@example.org,2025-04-26,PREMIUM
546,Melissa Olsen,linda86@example.com,2024-03-10,REGULAR
547,Nancy Kennedy,thompsonvictor@example.net,2025-02-25,PREMIUM
548,Rachel Evans,rosshannah@example.org,2024-04-01,REGULAR
549,Ryan Davis,jordan58@example.net,2026-05-26,REGULAR
550,Alejandro Martinez,barbarasantos@example.net,2024-02-16,REGULAR
551,Heather Nunez,champton@example.org,2024-09-29,PREMIUM
552,Mark Thomas,daniellemcfarland@example.com,2025-06-30,PREMIUM
553,Sarah Jones,matthewedwards@example.net,2024-06-23,PREMIUM
554,Matthew Nelson,xnorman@example.net,2025-05-13,REGULAR
555,Jennifer White,martinezjimmy@example.com,2026-06-04,PREMIUM
556,Angela Jackson,davissharon@example.com,2025-04-01,REGULAR
557,James Hubbard,garciachristine@example.org,2025-07-26,REGULAR
558,Ellen Wright,scott22@example.net,2026-02-13,REGULAR
559,Matthew Dalton,michelle78@example.com,2025-04-01,PREMIUM
560,Travis Ryan,owelch@example.net,2024-11-27,PREMIUM
561,Kimberly Stout,zfernandez@example.org,2024-12-05,PREMIUM
562,David Torres,millskatherine@example.org,2024-08-19,VIP
563,Adam Weeks,xevans@example.com,2025-12-30,REGULAR
564,Rebecca Kelley,robertcastro@example.com,2024-05-08,PREMIUM
565,Maria Clayton,josehenderson@example.org,2025-02-25,REGULAR
566,Lisa Benson,lisa.benson@,2024-06-01,REGULAR
567,Kim Adams,melissawhite@example.com,2023-12-07,REGULAR
568,Jesse Graves,blopez@example.org,2023-10-02,REGULAR
569,Charlene Garcia,david70@example.org,2023-11-15,REGULAR
570,Daniel Fisher,dbolton@example.net,2025-12-23,REGULAR
571,Ryan Lynn,adamsphilip@example.net,2025-01-05,PREMIUM
572,Ryan Roth,martinezkayla@example.org,2024-10-03,REGULAR
573,Danielle Vang,stevenwise@example.net,2025-08-07,REGULAR
574,James Ali,eric08@example.net,2023-12-20,PREMIUM
575,Mr. Isaac Williams,teresayoung@example.com,2024-07-29,REGULAR
576,Donald Wilson,albertwilliams@example.net,2025-01-10,REGULAR
577,Jacqueline Davis,vincentparks@example.com,2026-05-25,REGULAR
578,Lori Brown DDS,martinezjesse@example.net,2025-12-20,REGULAR
579,Renee Gonzales,andrewgray@example.net,2024-01-03,REGULAR
580,Karina Kim,amy73@example.net,2024-02-29,REGULAR
581,Nicholas Hill,caseymoore@example.com,2026-01-23,REGULAR
582,Jordan Parsons,bgross@example.net,2026-03-05,REGULAR
583,Cynthia Le,example.com,2025-07-30,VIP
584,Jasmine Warren,jcannon@example.net,2024-06-14,PREMIUM
585,Frank Davis,williamssharon@example.org,2026-03-23,REGULAR
586,John Garcia,hbarrett@example.net,2025-09-15,REGULAR
587,Jacob Obrien,smithsamantha@example.net,2025-01-28,REGULAR
588,Angela Owen,wardjulia@example.com,2026-01-25,REGULAR
589,Amy Jensen,navarromary@example.org,2026-06-09,REGULAR
590,Anne Hardy,hlopez@example.net,2024-05-07,PREMIUM
591,Cassidy Curry,xreese@example.net,2025-05-01,REGULAR
592,Michele Simmons,jacksonhenry@example.com,2025-02-12,REGULAR
593,Kimberly Greene,rachel85@example.com,2024-11-02,REGULAR
594,Samantha Morris,annalewis@example.net,2026-05-20,REGULAR
595,Tyrone West,csmith@example.com,2025-05-22,VIP
596,Wendy Turner,tracey35@example.org,2025-12-01,VIP
597,Samantha Ellison,clintonstevens@example.org,2024-01-07,PREMIUM
598,Kevin Hall,christopher69@example.org,2025-10-21,REGULAR
599,Rebecca Thompson,larsonkevin@example.net,2026-01-10,REGULAR
600,Richard Weeks,michael66@example.org,2026-03-19,REGULAR
601,Danielle Golden,colemichael@example.org,2024-12-02,PREMIUM
602,Austin Joseph,crawfordwilliam@example.org,2025-02-06,REGULAR
603,William Evans,janet75@example.com,2024-08-25,REGULAR
604,Jennifer Miles,davidsonamanda@example.org,2024-06-08,REGULAR
605,Christopher Gonzalez,moniquewilliams@example.com,2026-03-24,REGULAR
606,David Beck,thomas85@example.com,2026-08-05,REGULAR
607,Mr. Justin King,becky62@example.net,2023-12-17,VIP
608,Mark Oliver,courtneyberger@example.net,2023-09-21,REGULAR
609,Joshua Young,vmullen@example.com,2024-02-26,VIP
