order_item_id,order_id,product_id,quantity,unit_price,discount_percent
1,851,550,1,782.02,54.17
2,263,331,2,1197.09,51.12
3,402,129,3,567.75,5.69
4,828,290,4,630.42,18.07
5,1456,474,5,1900.93,25.32
6,1355,149,1,1871.1,37.91
7,406,187,-1,2089.27,23.81
8,24,493,7,1133.0,37.28
9,1118,451,6,846.45,15.32
10,999,468,6,1909.36,46.92
11,874,27,4,2437.84,7.22
12,1460,303,8,1093.23,4.98
13,1034,187,4,358.56,46.55
14,407,363,1,2001.65,13.83
15,1088,171,3,1589.09,13.58
16,1467,156,7,2146.45,57.54
17,821,304,7,2234.89,8.17
18,615,1,5,525.84,35.64
19,137,61,8,2056.99,48.42
20,497,401,7,1480.58,21.02
21,464,283,3,518.55,16.53
22,671,12,2,1930.29,13.93
23,898,306,8,388.42,45.26
24,1475,350,1,956.85,6.77
25,956,437,8,1897.36,6.18
26,1499,372,8,2092.59,25.3
27,1307,108,5,2262.3,19.73
28,1366,258,2,1784.17,35.15
29,454,445,8,1403.87,22.55
30,1063,392,2,1441.19,45.84
31,739,432,1,871.52,51.13
32,1175,536,7,1674.33,34.02
33,50,337,1,1824.0,15.21
34,1399,353,5,1117.79,27.49
35,1301,270,6,1853.06,46.86
36,353,512,4,794.75,54.85
37,186,416,3,1892.63,51.36
38,995,360,6,1888.15,19.37
39,229,195,5,1893.14,23.88
40,1425,78,7,2131.26,20.41
41,725,407,5,1535.48,19.43
42,461,454,3,1670.47,29.67
43,1424,225,4,367.71,57.88
44,1254,495,4,1033.75,34.85
45,1285,397,6,2009.55,22.21
46,481,328,3,807.55,42.15
47,1103,132,8,1340.72,49.58
48,467,357,4,1165.89,3.19
49,1268,449,3,60.18,39.02
50,712,489,6,168.2,34.19
51,1491,29,3,2465.59,27.13
52,1103,312,7,364.86,40.88
53,645,7,6,1470.68,4.26
54,131,543,4,625.75,45.53
55,368,186,-4,1823.02,5.65
56,827,397,8,350.58,5.75
57,728,182,8,231.38,12.04
58,720,84,5,55.9,58.92
59,122,383,0,2462.9,19.61
60,628,29,6,2149.1,11.31
61,1272,511,6,246.93,9.28
62,5565,182,3,1270.79,26.71
63,1275,40,2,2018.98,17.49
64,715,185,2,1246.64,59.84
65,691,466,7,1961.24,40.12
66,135,347,8,474.91,21.5
67,984,102,6,2280.11,42.13
68,1069,404,5,804.19,11.88
69,1283,437,8,64.47,33.68
70,1249,399,5,1928.25,31.65
71,86,193,3,1604.13,32.06
72,97,311,1,2060.25,26.03
73,1042,537,1,2277.1,57.0
74,454,328,4,1430.01,2.71
75,782,211,5,16.82,48.82
76,678,182,6,2294.37,9.36
77,1227,253,7,1702.59,54.13
78,635,210,5,1025.96,49.41
79,773,285,8,637.3,41.55
80,86,460,2,1595.8,54.13
81,1001,69,5,2388.52,41.7
82,584,550,5,275.69,49.37
83,414,89,3,1297.97,28.73
84,229,235,2,1907.54,14.51
85,1261,380,1,1658.88,58.47
86,431,326,3,856.66,55.31
87,718,474,7,953.19,30.34
88,462,189,8,68.15,50.61
89,1233,542,6,146.5,24.6
90,1095,18,6,929.08,6.23
91,479,7,7,1922.9,13.47
92,1287,37,8,2343.34,16.95
93,1262,397,8,1533.46,59.28
94,932,491,6,563.48,43.86
95,796,264,1,1082.18,2.55
96,841,233,6,524.21,53.02
97,944,464,6,847.81,7.99
98,1086,211,4,2370.27,47.05
99,745,475,7,940.17,23.57
100,964,112,7,131.96,33.1
101,321,394,8,64.47,34.04
102,353,280,3,1604.89,48.05
103,309,422,3,1907.74,36.62
104,1255,544,2,1968.47,0.52
105,109,340,6,511.5,12.78
106,9386,68,8,1190.34,17.38
107,208,164,7,300.51,24.58
108,1151,481,4,2440.43,8.8
109,912,100,7,1184.67,46.03
110,1201,372,3,1121.1,29.51
111,1376,353,6,176.88,18.01
112,807,154,4,2404.13,42.68
113,171,364,1,1556.55,59.5
114,748,259,1,1226.57,3.12
115,490,314,6,105.94,45.59
116,939,83,1,1837.93,22.84
117,9909,482,5,1743.66,48.19
118,870,417,6,1799.2,29.33
119,547,86,2,2014.66,51.69
120,233,24,2,611.19,3.9
121,1172,243,1,1809.15,20.47
122,1265,73,8,1579.35,39.9
123,1255,125,2,468.01,5.5
124,887,239,7,804.41,28.56
125,405,508,5,1830.25,51.65
126,907,190,4,661.84,34.53
127,388,127,3,2122.3,13.66
128,809,304,5,549.55,20.69
129,494,544,-3,707.22,3.7
130,1012,353,7,204.48,42.97
131,25,91,6,1746.7,57.56
132,1166,269,6,1856.77,29.98
133,1002,321,4,1470.14,21.17
134,953,473,7,1161.74,27.13
135,291,395,3,1971.72,52.22
136,306,410,3,381.84,13.02
137,34,401,4,59.09,18.21
138,1126,285,8,1084.98,9.59
139,1364,62,6,1766.53,8.49
140,1063,507,1,2392.36,20.31
141,5044,440,5,856.04,41.31
142,263,379,1,1120.46,12.57
143,669,240,8,1968.08,34.63
144,679,200,4,1771.72,48.8
145,511,501,6,1279.85,45.01
146,1278,330,5,171.98,11.59
147,566,147,8,620.23,19.63
148,1272,495,6,1214.32,52.99
149,410,193,2,742.57,53.09
150,1073,517,7,1753.11,17.89
151,419,148,7,201.38,54.59
152,303,458,8,1897.36,16.41
153,566,203,3,1468.27,1.02
154,108,335,6,2080.35,1.53
155,890,332,1,1610.83,45.39
156,81,524,3,1244.21,8.39
157,210,536,2,1887.88,20.29
158,846,352,1,1314.07,23.76
159,318,92,2,1908.1,13.64
160,116,25,4,1199.34,45.51
161,313,141,7,53.04,29.53
162,1372,425,1,526.05,0.43
163,1438,83,3,995.97,0.44
164,1286,289,7,403.86,36.46
165,686,201,2,1627.9,26.73
166,1335,525,2,108.94,44.57
167,422,205,5,2083.16,53.2
168,622,370,4,1419.28,15.14
169,1047,25,3,2151.59,56.81
170,796,336,3,2302.44,35.8
171,1367,255,1,2132.44,51.43
172,562,1,3,247.6,38.75
173,867,382,1,747.19,7.2
174,291,270,4,305.21,57.15
175,63,488,4,1140.84,41.7
176,560,277,-5,1201.91,9.2
177,134,408,8,1084.06,10.5
178,28,46,5,1776.2,12.16
179,548,25,4,590.87,0.12
180,1332,46,7,1399.57,47.52
181,1466,49,6,1143.36,9.83
182,1349,381,6,1839.31,10.44
183,823,382,5,373.34,53.37
184,1384,418,5,2212.51,21.52
185,956,462,3,2224.9,55.1
186,1281,149,3,2128.49,58.63
187,422,406,2,2476.31,31.17
188,1179,5,3,1850.58,47.26
189,1002,120,6,1373.38,39.41
190,805,225,2,568.41,9.34
191,8184,193,2,1240.53,41.7
192,628,248,4,1357.21,48.87
193,49,17,3,2070.0,4.02
194,927,122,7,31.37,20.59
195,768,214,8,1589.87,40.75
196,65,512,8,2153.63,32.34
197,201,433,6,2373.06,59.68
198,779,40,2,1189.81,4.98
199,1484,97,4,1511.0,19.37
200,1132,463,1,1711.14,40.51
201,58,519,8,690.48,48.08
202,1098,50,8,438.93,51.21
203,82,298,3,2421.57,28.93
204,511,6,3,1932.29,10.96
205,697,506,2,258.34,44.42
206,1240,25,7,56.24,41.63
207,1301,109,7,1395.42,3.91
208,539,367,4,2267.01,7.26
209,332,89,8,1651.36,33.44
210,979,69,7,294.05,12.15
211,616,137,6,154.68,6.77
212,1364,273,0,2201.56,55.24
213,984,219,8,539.24,33.18
214,1285,73,3,2153.66,30.8
215,149,169,6,2344.33,24.38
216,885,44,1,485.55,22.42
217,922,231,7,1616.87,9.44
218,1227,534,7,1501.56,33.7
219,1443,150,5,986.2,48.41
220,700,311,5,2139.17,29.27
221,1410,141,8,2438.19,36.98
222,129,258,5,1488.11,55.61
223,664,246,5,483.66,40.57
224,571,271,4,1921.94,8.36
225,1410,303,6,515.14,31.21
226,241,299,6,461.78,29.82
227,504,402,8,1345.83,36.36
228,518,128,7,13.15,56.05
229,1014,466,5,1280.24,15.94
230,876,502,7,786.29,7.37
231,112,43,5,322.92,44.58
232,867,210,1,29.59,37.46
233,568,292,5,2319.99,14.18
234,48,325,7,511.84,57.27
235,187,277,4,2114.23,27.57
236,340,178,1,600.73,34.78
237,1229,396,2,1024.29,9.02
238,788,390,-3,516.8,26.2
239,1074,351,7,2096.36,22.38
240,1441,80,7,425.11,13.08
241,724,415,4,951.71,57.64
242,1406,250,1,975.23,22.86
243,1006,447,2,1096.22,16.15
244,533,491,4,2115.53,21.87
245,469,93,1,629.73,15.31
246,306,301,3,576.58,31.23
247,475,95,3,724.17,25.4
248,344,242,-2,1508.57,46.37
249,552,184,6,1809.41,55.93
250,504,9,5,1285.55,30.27
251,117,404,3,2117.11,36.54
252,753,286,2,1785.01,36.36
253,87,69,5,1154.63,40.65
254,809,414,6,1967.03,50.26
255,830,258,8,319.97,4.41
256,753,306,7,942.98,18.87
257,407,17,3,1127.6,45.53
258,287,310,4,2259.64,23.95
259,1460,477,3,1042.42,56.86
260,1311,104,8,2273.93,52.33
261,160,302,8,106.11,50.83
262,139,361,3,32.59,44.66
263,1151,277,6,65.23,47.91
264,943,356,1,2004.05,53.01
265,999,444,2,2496.62,49.48
266,677,451,3,359.82,5.59
267,787,283,5,35.23,25.1
268,397,428,7,1369.9,54.96
269,2,68,8,1968.6,54.91
270,340,506,6,1543.91,51.04
271,529,339,3,1671.04,35.39
272,8091,286,4,569.37,29.0
273,673,522,7,132.96,48.1
274,528,110,4,2202.46,54.31
275,202,518,7,1418.6,14.55
276,1277,493,6,2315.68,24.36
277,886,158,6,2344.3,14.14
278,1008,406,4,719.74,9.89
279,327,335,2,209.83,0.51
280,1107,439,3,2479.63,109.7
281,274,299,6,1666.82,9.91
282,635,339,2,2470.52,49.29
283,394,175,8,273.31,36.93
284,1078,74,2,1158.53,9.44
285,1434,528,5,84.92,39.9
286,1424,485,5,737.66,24.07
287,482,317,8,376.06,4.77
288,1204,121,3,377.57,46.22
289,1409,328,7,1027.65,40.1
290,1376,310,8,1642.17,23.45
291,707,68,5,976.95,27.81
292,815,332,7,1647.72,45.09
293,1434,189,-2,2385.95,29.21
294,686,152,8,2392.87,43.25
295,856,40,6,2001.52,0.16
296,989,514,5,1329.52,59.62
297,1255,202,1,1140.11,32.83
298,1104,468,7,1475.35,3.77
299,855,475,4,2308.11,13.37
300,543,308,4,1672.74,23.69
301,9,544,8,601.26,103.34
302,156,281,7,45.78,43.97
303,1311,314,8,2472.23,39.68
304,589,119,7,1404.08,32.7
305,411,15,4,2366.71,7.79
306,1498,265,5,1041.86,12.25
307,336,371,5,2494.72,38.34
308,157,160,1,2384.2,46.22
309,554,184,2,1253.66,32.08
310,1047,126,2,893.87,10.58
311,388,257,2,2480.35,20.53
312,1070,548,6,79.32,47.56
313,886,107,7,534.84,38.25
314,1201,69,8,1395.86,19.33
315,756,204,4,14.29,59.26
316,763,347,6,2155.71,50.58
317,1218,534,3,1186.21,33.1
318,698,123,6,618.86,25.54
319,80,110,3,1741.29,59.96
320,575,349,6,192.4,17.99
321,47,27,2,2174.41,36.17
322,206,372,6,799.19,34.58
323,1193,81,2,2029.88,34.64
324,1415,305,2,2238.84,2.44
325,861,96,1,346.54,56.68
326,9,110,6,1017.94,9.53
327,1150,254,2,1578.94,13.11
328,1451,130,4,2474.17,31.38
329,560,193,7,531.46,11.55
330,1081,300,7,2277.31,14.94
331,256,431,1,2444.65,11.47
332,519,132,2,2418.1,42.66
333,473,256,7,336.74,57.56
334,1177,3,1,1036.32,26.82
335,302,127,7,949.92,16.5
336,1359,207,7,886.18,51.49
337,1357,249,7,127.09,123.72
338,126,62,4,1036.44,8.44
339,573,182,2,1468.28,38.66
340,921,206,8,2408.95,28.82
341,898,137,-2,1614.82,59.19
342,1130,522,5,1804.5,41.39
343,557,529,1,162.1,6.43
344,580,259,3,1570.66,0.2
345,41,336,7,1422.04,110.48
346,223,314,5,1467.55,40.19
347,1233,366,4,2226.19,51.47
348,731,483,8,572.81,0.99
349,157,106,7,2167.05,24.74
350,149,106,8,1797.49,12.87
351,760,100,7,305.09,35.32
352,922,215,2,238.31,35.9
353,1289,247,3,1644.96,0.38
354,1003,222,2,226.33,55.49
355,569,1,6,1884.55,9.86
356,200,22,3,589.38,10.76
357,429,203,8,567.93,7.07
358,1483,210,5,2087.69,41.28
359,326,486,1,1334.91,53.57
360,223,87,3,1040.56,41.98
361,341,273,6,2216.54,59.83
362,1092,221,8,701.54,12.85
363,42,201,8,2318.48,6.92
364,1423,130,2,1402.36,38.98
365,1460,139,4,1998.36,3.05
366,1243,76,6,1315.06,15.67
367,1125,140,8,2126.36,48.17
368,452,92,2,1058.2,4.81
369,660,472,6,79.75,46.8
370,1362,25,2,809.63,48.48
371,1200,84,2,1100.25,38.85
372,118,27,6,950.72,54.86
373,1323,297,2,1366.71,40.09
374,1106,489,2,380.69,17.34
375,1274,44,7,1170.95,2.93
376,1356,268,6,226.28,16.5
377,308,415,7,377.44,13.67
378,5134,379,3,1963.92,2.51
379,1463,41,4,604.77,36.85
380,943,364,3,318.79,48.12
381,251,402,1,657.71,57.73
382,1319,182,4,1291.58,45.83
383,1083,66,2,358.04,40.67
384,1487,175,5,1022.06,14.56
385,860,134,7,538.62,46.7
386,169,474,5,2363.9,9.4
387,766,298,7,1972.7,22.14
388,1114,192,1,1673.32,18.46
389,574,298,1,1931.23,22.1
390,1139,513,5,832.22,27.94
391,1428,64,5,1718.63,51.18
392,490,210,6,489.85,35.23
393,1452,126,3,2015.84,42.68
394,932,539,2,1363.22,11.92
395,1216,94,4,341.09,59.97
396,81,417,2,2295.74,30.29
397,671,399,7,1948.39,31.47
398,18,11,1,2493.17,6.4
399,850,115,1,614.74,28.34
400,1440,510,2,2401.12,55.0
401,1272,219,6,339.15,18.67
402,146,127,5,276.6,13.88
403,1086,489,3,1892.52,10.24
404,1481,162,3,188.39,20.11
405,857,79,5,329.48,56.44
406,88,376,6,597.93,25.72
407,95,532,3,1069.16,56.33
408,396,57,7,997.59,49.09
409,56,396,6,2351.07,57.17
410,448,261,7,1275.14,34.32
411,6476,497,3,1554.84,49.88
412,595,42,1,1985.56,46.81
413,702,306,3,1021.61,38.71
414,1259,128,8,1729.31,49.34
415,1040,378,2,2009.2,10.91
416,33,464,3,1010.12,34.37
417,1282,431,7,2174.6,49.82
418,1315,468,3,1340.49,23.05
419,1165,255,5,58.08,18.58
420,1268,200,2,466.46,49.16
421,603,145,1,1022.51,59.4
422,969,159,7,2430.99,26.52
423,443,317,4,1302.38,40.21
424,1234,371,3,1644.86,1.05
425,584,4,2,2454.09,33.98
426,890,350,-2,1018.55,32.67
427,301,445,7,1434.42,37.82
428,444,16,2,1681.67,8.74
429,390,542,2,633.57,16.02
430,1109,153,5,2125.16,53.94
431,61,169,1,1670.95,36.02
432,798,65,7,1262.23,40.1
433,1254,343,1,124.55,31.67
434,1254,286,2,2145.3,27.19
435,363,535,8,1606.97,3.02
436,755,226,8,1104.42,23.44
437,120,460,7,1680.13,20.67
438,1138,95,8,2307.46,58.92
439,1158,69,7,2341.75,15.77
440,400,204,3,2385.71,42.9
441,351,208,2,1170.65,27.86
442,420,169,3,6.16,45.02
443,488,526,8,1241.89,20.7
444,249,195,5,771.21,43.56
445,346,331,5,1278.12,5.67
446,565,292,4,1706.71,23.9
447,1095,111,8,1669.85,11.2
448,29,166,3,260.33,31.17
449,860,176,8,1962.06,26.28
450,873,238,2,2120.95,40.89
451,653,419,-2,1433.2,44.33
452,1010,439,2,1136.67,24.16
453,1017,242,3,2150.95,45.87
454,771,148,3,563.65,40.43
455,177,403,1,1944.33,26.84
456,215,272,2,1309.48,10.45
457,1169,143,8,1888.63,33.45
458,1095,275,5,1959.46,57.19
459,260,39,4,1657.47,58.5
460,1226,257,3,748.85,50.77
461,7494,525,2,712.5,32.74
462,938,37,6,2309.51,32.64
463,917,400,3,70.41,16.49
464,160,66,8,1239.77,23.07
465,308,447,3,2093.43,30.97
466,402,506,6,1705.5,132.53
467,1398,244,1,1660.61,45.33
468,800,391,8,1425.14,7.49
469,573,181,6,674.46,31.42
470,944,404,5,468.29,57.1
471,1400,546,7,2076.62,56.44
472,1119,106,2,1712.75,11.2
473,692,495,7,423.36,24.22
474,1207,227,6,260.04,56.37
475,218,401,8,1299.74,56.97
476,1145,333,-3,1891.19,17.24
477,536,230,-3,1572.18,40.53
478,1050,77,8,1499.51,11.95
479,1444,342,1,219.6,23.67
480,181,334,6,509.73,10.41
481,1269,220,2,599.18,51.09
482,94,17,3,1744.33,6.55
483,179,37,7,1541.22,7.32
484,1212,537,3,1895.62,21.66
485,482,527,6,1008.47,56.11
486,1142,439,7,1981.78,26.53
487,612,172,6,2457.97,16.78
488,1295,348,6,1992.52,42.76
489,1257,295,2,2419.25,25.69
490,681,27,1,111.97,22.35
491,471,238,2,1999.28,4.15
492,12,332,4,1585.38,44.29
493,1397,103,7,967.63,43.0
494,296,512,4,1060.57,47.33
495,1474,300,1,328.69,59.09
496,1442,172,2,1316.94,10.37
497,1113,109,2,320.11,52.72
498,1322,8,1,946.01,5.39
499,502,426,8,865.79,46.02
500,828,532,3,1968.37,28.8
501,658,267,5,1212.16,51.76
502,67,334,8,959.12,14.47
503,210,402,8,2401.07,10.53
504,937,221,4,2314.86,58.0
505,60,334,4,1853.78,57.32
506,875,335,5,594.5,14.19
507,342,333,4,1974.43,32.41
508,656,316,8,1844.1,13.13
509,806,297,6,656.29,48.65
510,1021,120,8,11.71,26.41
511,332,57,8,1900.57,43.13
512,439,503,3,1451.05,54.9
513,498,134,2,341.12,43.75
514,1488,56,1,666.95,36.39
515,1405,477,8,876.54,44.4
516,1444,382,4,1595.38,3.65
517,83,207,-3,594.54,4.92
518,1173,329,3,2385.47,34.23
519,192,24,3,1949.16,35.21
520,714,25,5,1636.12,11.57
521,1254,202,8,211.21,29.99
522,1247,118,3,1830.73,9.44
523,1407,472,3,138.49,44.76
524,183,119,3,2283.65,37.05
525,66,458,8,2331.34,37.38
526,1495,220,7,953.81,0.8
527,367,467,5,1942.74,45.86
528,578,181,7,1565.24,20.23
529,18,335,5,942.06,49.39
530,397,376,7,2099.92,44.53
531,1342,2,6,324.87,29.79
532,35,100,3,692.28,21.54
533,669,376,3,533.97,56.49
534,320,27,1,1059.04,9.72
535,473,507,1,1110.57,5.12
536,873,23,5,1329.96,6.42
537,655,268,1,558.48,17.13
538,512,61,7,2391.69,46.1
539,925,378,2,930.37,46.7
540,713,381,4,631.95,8.21
541,515,473,1,1924.05,30.85
542,80,213,-4,1386.84,23.92
543,185,501,1,1294.55,40.21
544,918,110,2,2435.63,27.81
545,401,521,4,139.44,19.93
546,98,295,5,1232.62,24.04
547,234,202,-5,1090.56,51.56
548,1386,364,5,1242.95,33.68
549,684,204,4,1519.37,48.59
550,901,261,7,2058.87,35.11
551,1075,247,8,52.36,15.96
552,850,436,1,1888.96,3.03
553,1206,498,5,98.19,15.76
554,484,70,5,1437.55,40.06
555,1450,68,5,1528.34,48.47
556,610,509,8,1599.01,11.92
557,1209,450,7,1509.45,6.12
558,783,102,1,1215.13,14.89
559,357,331,5,1459.25,59.74
560,914,16,5,417.03,59.28
561,1353,143,-4,132.2,54.24
562,352,109,3,1653.59,37.85
563,1353,266,2,591.85,45.06
564,1171,526,8,2252.58,5.01
565,911,23,5,2319.87,48.92
566,145,409,3,405.99,56.81
567,730,535,8,2431.44,55.95
568,1105,177,1,1049.88,40.0
569,369,194,7,233.3,5.04
570,324,524,5,1979.7,25.41
571,1034,155,8,1663.14,2.59
572,727,235,2,1976.34,21.28
573,91,507,3,1221.33,48.51
574,1133,230,2,1948.68,47.87
575,1349,408,7,1756.52,36.59
576,786,255,7,68.92,18.74
577,133,455,-5,848.35,9.59
578,729,249,3,5.86,57.61
579,455,273,4,1537.13,8.25
580,530,405,8,1506.85,1.32
581,130,92,2,1468.31,43.49
582,733,168,7,274.36,43.18
583,1,350,5,806.44,24.04
584,1435,23,5,1877.44,15.73
585,1263,100,4,1744.05,47.26
586,853,412,8,2241.96,3.92
587,1057,130,1,1369.03,43.77
588,821,473,5,203.65,31.02
589,215,232,7,1568.34,32.75
590,1263,255,8,782.48,34.03
591,1411,93,6,2009.93,7.45
592,3604,185,8,2486.74,55.72
593,1423,46,2,1059.09,13.62
594,1221,405,7,2439.78,6.0
595,1187,267,7,1216.34,35.65
596,1334,309,5,451.42,22.58
597,769,281,7,1081.19,19.61
598,893,269,5,790.3,29.4
599,908,349,8,1957.38,19.14
600,453,197,1,1065.75,46.93
601,529,415,3,1927.21,17.35
602,223,407,6,576.11,41.69
603,1383,436,3,384.63,45.72
604,926,439,8,779.99,18.96
605,138,400,-1,446.31,5.99
606,763,516,7,2483.47,54.27
607,1100,16,7,1205.59,33.53
608,402,82,6,1113.0,0.82
609,560,457,5,2132.59,25.5
610,302,114,5,575.87,28.72
611,467,441,7,2166.66,27.67
612,718,173,3,777.86,33.45
613,477,516,5,122.64,25.75
614,626,377,3,2175.33,4.6
615,287,199,8,717.24,45.92
616,1498,504,2,1129.62,23.89
617,423,249,3,1225.77,52.06
618,1137,389,8,887.31,32.57
619,138,397,5,825.73,1.99
620,1247,236,3,670.58,19.86
621,471,313,-1,1289.18,23.78
622,972,518,7,866.62,15.25
623,1373,369,4,2049.53,41.31
624,974,223,2,43.85,45.34
625,1487,329,3,1343.89,30.75
626,524,396,7,2470.49,46.58
627,1415,63,8,1449.04,28.76
628,562,461,4,95.89,43.73
629,1226,391,3,2261.87,38.92
630,1214,461,2,381.61,38.76
631,1126,512,3,2359.54,59.0
632,1059,528,4,423.62,48.97
633,31,190,1,162.26,27.68
634,778,118,8,1788.59,32.86
635,606,194,5,158.97,53.86
636,593,327,2,1476.13,47.17
637,566,432,3,491.49,51.98
638,1206,324,1,14.11,59.68
639,937,414,0,2044.34,19.77
640,1205,389,1,2257.83,25.97
641,1369,400,1,2262.94,22.26
642,178,93,4,2467.02,122.9
643,664,103,5,1932.2,31.37
644,31,377,7,1052.13,33.24
645,774,548,7,402.47,47.09
646,1082,240,2,1183.83,39.62
647,994,75,7,455.62,4.65
648,6223,387,-5,595.69,5.22
649,884,368,3,953.45,4.72
650,12,378,8,906.21,58.29
651,242,472,2,1679.06,17.81
652,1234,190,3,704.43,35.53
653,283,447,8,839.0,26.96
654,1449,271,3,267.56,40.86
655,764,498,7,1949.86,50.7
656,290,130,1,1777.22,44.06
657,130,409,6,1027.97,27.56
658,433,140,3,1260.23,36.66
659,1477,287,-1,1216.26,54.74
660,1059,188,8,604.72,25.18
661,798,383,-1,152.0,33.75
662,1430,61,1,1527.99,53.15
663,224,89,1,1860.95,49.02
664,903,55,1,86.91,25.81
665,643,16,-4,644.78,59.28
666,178,517,6,1749.32,38.75
667,1163,535,4,2163.69,7.89
668,527,286,7,2091.65,37.46
669,1477,528,4,2012.91,4.96
670,1486,73,3,882.73,36.65
671,455,188,4,2427.2,43.7
672,897,263,4,846.8,25.24
673,124,416,7,102.1,11.63
674,1123,225,5,2327.72,32.83
675,363,326,5,1017.7,2.85
676,685,55,5,1763.2,26.94
677,688,361,3,518.95,49.48
678,1217,35,6,272.31,41.99
679,1497,29,4,253.83,6.01
680,1040,398,1,360.1,42.25
681,912,399,3,1586.45,37.26
682,479,323,2,1708.06,53.58
683,1366,139,6,2180.45,9.47
684,856,52,4,2157.75,54.39
685,711,266,6,84.82,57.35
686,1009,103,3,1161.92,55.85
687,1451,375,2,125.12,17.27
688,1388,222,1,512.14,7.11
689,569,357,4,1073.88,41.92
690,583,66,2,2388.75,20.21
691,1261,179,4,2273.71,20.43
692,94,371,7,2409.57,34.66
693,1320,20,1,188.85,26.35
694,539,46,8,1254.88,7.52
695,447,199,6,2155.41,23.56
696,6255,387,6,823.59,37.97
697,23,75,6,641.48,11.02
698,217,471,1,1571.2,34.36
699,307,225,2,179.01,1.92
700,82,432,4,19.02,32.46
701,848,523,2,225.52,13.2
702,279,7,8,838.54,33.75
703,1113,462,3,223.88,35.62
704,868,320,4,1050.61,10.75
705,18,145,3,198.96,27.8
706,51,130,-4,290.76,50.51
707,463,7,3,251.94,43.53
708,351,70,2,1308.02,43.37
709,1406,375,2,1260.32,22.29
710,1127,84,8,1727.22,42.24
711,193,391,1,1877.28,55.03
712,981,548,4,172.59,36.52
713,317,521,3,2010.25,57.69
714,637,55,3,424.46,9.75
715,111,182,3,1565.05,13.72
716,1357,160,5,1220.75,12.69
717,270,538,6,1445.3,42.07
718,1379,130,3,95.11,3.04
719,1464,153,8,1247.58,7.63
720,212,250,3,1260.83,53.18
721,834,260,0,2460.98,42.91
722,1219,237,8,892.87,5.76
723,1101,230,1,1631.14,5.38
724,1399,76,1,2152.2,44.94
725,1088,224,5,623.61,32.47
726,566,69,3,1420.89,12.18
727,243,430,6,1017.63,58.13
728,856,403,1,961.0,55.79
729,173,525,1,761.48,45.78
730,522,308,7,981.83,18.37
731,387,231,5,1619.82,27.22
732,266,173,2,225.71,15.34
733,842,141,6,670.05,40.75
734,1052,41,2,1851.06,8.85
735,492,319,7,662.86,20.33
736,491,138,5,2368.35,11.2
737,749,59,4,655.55,48.91
738,1413,247,6,2121.61,24.34
739,766,274,7,2290.76,16.11
740,678,465,5,1805.76,54.97
741,688,205,6,1412.97,16.25
742,792,515,7,525.51,4.74
743,703,293,1,1433.85,56.21
744,628,521,7,1491.88,56.4
745,1180,391,3,286.54,0.81
746,566,140,2,667.91,55.99
747,586,54,4,623.29,56.46
748,239,309,4,1797.39,33.99
749,451,469,1,79.82,43.85
750,1016,544,3,2330.14,43.79
751,915,95,6,395.26,58.17
752,573,181,8,653.11,39.03
753,1391,511,3,2174.89,40.6
754,1417,542,3,560.3,27.18
755,1183,441,4,491.47,114.65
756,127,48,6,2039.15,55.95
757,129,26,1,95.73,29.03
758,1398,183,3,802.87,56.72
759,246,436,-3,570.64,47.51
760,446,408,2,1238.47,2.1
761,250,203,3,1297.65,54.39
762,55,191,8,1961.31,43.15
763,1261,361,4,2274.31,9.05
764,1420,454,3,8.55,28.42
765,1421,228,4,1060.95,21.0
766,72,481,8,118.68,36.43
767,248,518,4,955.93,29.48
768,320,406,4,2232.91,33.61
769,375,92,7,2307.99,32.05
770,529,413,5,331.91,58.19
771,444,157,1,1588.68,17.52
772,316,355,3,1794.8,41.12
773,378,183,1,945.68,37.08
774,692,217,7,609.4,47.42
775,981,251,1,682.53,29.51
776,215,242,-3,576.64,18.29
777,250,332,2,553.28,24.08
778,118,521,4,1429.42,39.41
779,791,65,8,117.36,34.12
780,357,69,5,184.69,55.1
781,701,338,2,1442.7,59.09
782,1211,329,3,155.19,48.67
783,38,260,1,182.45,29.77
784,279,92,4,1431.08,25.8
785,1271,414,8,1017.93,31.39
786,442,76,8,582.15,59.11
787,380,136,1,1153.65,34.61
788,1087,548,7,884.28,56.16
789,1293,317,7,825.4,57.23
790,1377,343,1,400.56,21.12
791,49,358,5,1409.79,55.3
792,983,8,0,1055.06,23.74
793,634,446,8,1484.75,53.09
794,183,430,6,1069.44,15.42
795,678,34,-2,885.74,28.22
796,78,396,3,2407.4,6.59
797,1301,367,4,806.14,22.26
798,955,9,3,1324.9,40.47
799,874,307,6,1537.13,37.25
800,1147,344,5,1037.8,17.91
801,677,269,5,1864.6,15.44
802,150,313,4,1883.69,42.34
803,530,283,5,2193.3,31.55
804,1385,176,6,1253.76,43.38
805,1482,224,5,253.9,58.04
806,1170,457,2,2151.75,28.74
807,618,532,7,929.51,35.14
808,258,39,5,1418.88,22.89
809,132,152,1,2058.29,44.24
810,729,110,8,836.63,21.37
811,1448,402,8,2409.79,25.81
812,162,224,6,1383.61,41.75
813,813,398,6,124.9,53.41
814,391,418,3,88.55,18.6
815,600,188,2,51.7,27.05
816,1187,426,7,1954.67,1.68
817,1131,322,5,956.67,3.01
818,1340,92,8,2223.73,15.81
819,77,310,3,574.81,50.08
820,97,168,5,1058.2,26.91
821,690,164,3,1560.9,8.18
822,276,339,4,515.01,1.32
823,405,260,2,1677.47,27.38
824,22,449,8,1526.13,48.83
825,511,59,4,144.84,10.38
826,473,265,1,545.88,57.05
827,270,48,2,2366.64,48.57
828,34,94,3,1656.48,3.13
829,765,60,7,2291.15,52.99
830,948,105,8,806.18,6.35
831,1231,188,6,1601.35,52.34
832,903,158,3,852.0,3.85
833,319,325,6,966.27,16.9
834,522,520,4,1216.24,27.08
835,157,191,1,302.47,30.81
836,483,355,1,1675.68,53.93
837,931,51,1,1995.85,35.9
838,722,107,5,1737.64,19.1
839,225,506,8,2363.64,14.99
840,1142,466,5,378.39,10.57
841,1391,329,7,2125.74,11.72
842,4,201,5,1109.83,1.11
843,1029,532,6,34.3,48.27
844,22,384,6,183.07,18.79
845,1397,459,3,996.17,12.55
846,1225,325,8,2303.6,47.69
847,328,368,2,2215.13,5.02
848,1239,138,-3,1433.9,9.05
849,586,120,7,549.82,19.06
850,1362,412,3,1616.15,37.35
851,608,185,6,1659.8,1.62
852,1370,348,2,561.47,51.08
853,90,280,4,1762.41,49.14
854,172,182,3,1956.37,17.76
855,1358,116,7,1360.88,59.49
856,611,9,6,659.05,23.37
857,626,137,1,1987.56,55.68
858,1020,453,6,1304.35,57.59
859,1307,412,5,1938.8,26.12
860,265,223,3,1788.57,8.69
861,154,198,2,118.45,15.18
862,445,116,2,229.67,26.79
863,833,285,3,1286.65,44.12
864,41,59,7,57.24,10.09
865,5,64,-2,1871.25,11.6
866,812,194,0,1581.36,10.77
867,501,543,1,2338.62,9.71
868,856,176,1,153.81,41.85
869,336,469,4,447.39,53.37
870,1028,395,4,540.15,54.01
871,171,518,7,446.7,14.87
872,1131,313,2,478.73,47.47
873,412,232,4,876.57,44.23
874,1492,65,1,1018.12,29.58
875,195,45,6,2064.68,38.09
876,1103,536,5,622.17,7.65
877,1243,456,2,884.1,34.77
878,1093,253,8,449.6,59.44
879,1499,155,7,1337.0,36.7
880,725,97,5,1543.77,53.47
881,333,352,7,1572.55,26.66
882,611,140,8,673.95,45.89
883,844,434,2,1912.35,23.78
884,45,4,5,1716.57,33.55
885,1405,292,4,2007.81,50.82
886,231,421,8,1299.87,12.38
887,1191,550,7,735.95,1.68
888,594,324,-5,420.83,48.37
889,21,335,1,414.25,27.52
890,813,410,1,50.11,16.23
891,518,368,1,1392.92,33.33
892,1364,43,4,1549.04,15.71
893,218,356,1,377.7,47.3
894,27,49,-1,1700.74,45.59
895,826,105,6,1614.4,58.09
896,733,397,4,2064.54,39.9
897,603,443,8,2285.38,39.22
898,1088,484,1,82.92,12.24
899,763,126,5,761.03,7.89
900,1220,45,6,2386.96,55.75
901,767,169,3,1969.56,19.42
902,705,447,7,1921.46,51.31
903,256,9,5,1101.74,29.93
904,984,399,6,934.05,26.22
905,350,99,4,784.79,4.91
906,281,295,2,419.73,53.97
907,116,4,3,2366.53,4.08
908,1469,484,3,1585.1,9.42
909,555,549,6,1391.43,19.27
910,666,176,3,1704.76,42.77
911,641,104,6,1225.69,26.92
912,113,345,1,911.37,15.5
913,6220,315,6,1598.38,8.47
914,898,542,5,284.78,27.67
915,730,308,8,502.6,54.08
916,417,38,1,559.5,13.07
917,171,71,3,1070.67,28.47
918,1096,180,6,1987.04,28.51
919,20,293,6,1712.26,7.33
920,1417,314,4,2316.82,28.96
921,1049,52,2,893.82,11.28
922,572,391,8,1857.06,35.55
923,815,67,7,345.7,15.42
924,771,441,1,1525.93,47.42
925,1413,38,6,1201.83,31.88
926,480,349,7,1660.61,17.25
927,1333,302,5,1550.04,50.36
928,1260,469,6,2060.59,19.72
929,1455,357,2,2107.25,8.61
930,904,474,2,2050.9,32.43
931,1310,463,6,1877.78,54.95
932,538,337,4,1066.51,9.59
933,802,536,4,1597.3,30.17
934,890,550,4,1526.34,50.06
935,164,282,1,2219.33,47.7
936,1345,171,1,929.16,51.69
937,867,213,2,1571.87,44.67
938,1103,22,1,1923.16,11.71
939,1379,405,-1,309.04,35.07
940,22,255,8,771.9,18.91
941,249,250,1,1726.76,32.1
942,207,515,6,157.19,12.73
943,945,212,8,518.08,8.39
944,901,81,7,1423.03,14.52
945,1268,62,6,2438.69,50.49
946,882,93,8,1665.82,20.06
947,791,385,3,895.89,6.94
948,778,298,1,1651.76,54.66
949,966,498,3,1364.03,45.94
950,775,420,-2,740.99,22.66
951,523,263,7,195.98,37.41
952,1427,473,4,840.23,38.09
953,614,420,6,2408.52,40.16
954,1120,2,1,663.83,12.51
955,276,522,5,1692.7,31.73
956,1186,236,1,1440.48,2.69
957,1015,412,1,1426.32,32.19
958,570,522,6,1887.23,51.34
959,486,337,3,2115.42,15.95
960,403,22,2,1973.15,50.35
961,555,36,2,1270.61,28.19
962,1336,368,4,540.05,28.49
963,29,258,1,1558.61,57.09
964,396,525,1,469.79,7.99
965,542,171,2,1639.75,52.19
966,175,36,8,339.21,16.77
967,41,58,5,253.76,16.24
968,492,78,5,251.48,8.67
969,568,477,-5,1189.3,58.98
970,1177,417,2,2479.68,47.61
971,380,297,-2,435.12,32.01
972,1274,53,7,252.55,3.02
973,25,153,3,144.95,46.74
974,66,344,7,1805.0,21.62
975,839,32,-4,1192.11,3.6
976,1014,250,1,69.86,36.92
977,184,195,8,433.3,12.25
978,780,43,2,1639.44,11.14
979,52,260,5,1859.99,59.93
980,228,172,2,1187.53,15.41
981,502,417,4,1900.14,47.19
982,270,189,7,43.41,12.88
983,1204,277,1,1460.44,49.4
984,972,185,3,1054.56,18.95
985,461,134,8,1508.68,33.43
986,1387,138,6,1462.94,22.94
987,270,109,6,2387.93,55.33
988,187,175,7,2483.45,43.95
989,1098,424,7,321.62,59.95
990,20,513,5,63.97,26.3
991,1347,91,1,1229.29,34.04
992,176,448,4,985.63,37.52
993,405,334,5,1277.1,56.67
994,81,517,7,799.81,8.88
995,20,173,8,1717.37,51.97
996,736,337,-2,1904.6,102.01
997,1124,532,7,1136.33,36.73
998,7,529,2,307.69,47.9
999,48,95,3,2051.9,29.67
1000,936,545,8,1851.33,23.29
1001,1110,345,2,2357.29,32.86
1002,984,265,1,2303.79,58.35
1003,1055,284,2,2226.34,14.66
1004,913,85,2,799.26,33.32
1005,757,266,5,379.45,38.16
1006,1362,13,4,697.95,26.79
1007,769,257,5,2158.76,8.9
1008,110,98,1,2026.23,32.34
1009,188,520,4,1285.78,46.02
1010,3,153,1,1329.54,4.2
1011,537,333,6,1594.75,18.69
1012,456,353,5,222.54,59.55
1013,1147,143,2,1718.11,37.7
1014,1294,336,7,290.48,27.88
1015,355,225,1,139.19,14.54
1016,294,470,3,505.26,34.07
1017,1285,438,1,1638.89,31.94
1018,767,12,6,564.85,53.47
1019,530,320,5,1639.45,58.71
1020,859,225,1,272.14,14.2
1021,750,512,4,2410.28,50.72
1022,532,241,2,1230.47,10.14
1023,651,104,8,1672.11,27.18
1024,8,522,7,2337.69,46.99
1025,313,134,8,2210.27,32.75
1026,1046,277,8,2075.52,34.69
1027,1309,213,2,2016.66,33.94
1028,618,150,5,2030.18,18.43
1029,859,388,3,221.77,25.97
1030,518,365,3,47.89,41.46
1031,580,91,8,1936.4,4.82
1032,301,475,7,587.59,40.63
1033,589,513,3,1811.42,16.63
1034,860,550,-4,1015.85,1.1
1035,202,104,3,2038.87,11.76
1036,572,85,1,300.57,18.66
1037,1082,435,-2,1244.19,43.8
1038,1035,395,3,160.89,6.3
1039,915,51,1,2346.2,55.14
1040,973,120,8,1870.11,28.0
1041,1336,425,7,2210.84,59.26
1042,727,53,5,2114.28,49.29
1043,674,374,2,519.05,13.41
1044,1086,170,3,1397.49,50.23
1045,1071,4,1,1789.07,56.73
1046,217,437,-5,282.12,58.56
1047,317,133,7,632.03,7.24
1048,406,497,8,2196.38,6.36
1049,15,187,6,1962.02,58.22
1050,65,16,5,489.42,12.8
1051,810,191,7,1464.78,23.07
1052,1370,392,5,999.03,23.34
1053,907,366,2,618.54,54.86
1054,747,146,2,2097.63,49.41
1055,796,75,-1,547.88,58.75
1056,1329,536,3,708.76,44.88
1057,231,228,5,1260.96,0.61
1058,220,436,1,794.4,8.84
1059,755,73,7,1747.22,47.65
1060,474,338,2,12.83,7.11
1061,566,511,3,1229.01,35.11
1062,870,126,6,805.77,51.85
1063,281,79,6,2018.91,35.54
1064,1153,510,5,391.14,38.37
1065,1376,473,1,388.0,26.11
1066,758,287,3,96.51,6.1
1067,944,209,2,907.33,45.28
1068,985,545,8,1663.13,5.86
1069,652,315,3,2222.22,4.37
1070,618,516,3,961.39,10.37
1071,532,404,3,2234.29,30.97
1072,615,47,3,30.66,22.63
1073,424,148,4,2357.98,32.91
1074,822,488,3,548.63,43.32
1075,974,54,1,1994.34,56.17
1076,806,240,6,1944.66,20.81
1077,53,538,3,1188.29,44.53
1078,671,461,1,789.11,44.27
1079,843,462,8,1252.03,15.28
1080,894,79,4,2078.78,8.83
1081,371,489,3,1141.33,3.58
1082,361,180,2,270.51,27.89
1083,760,502,8,270.99,46.77
1084,323,381,7,1444.93,22.49
1085,213,436,0,1463.36,11.23
1086,370,424,1,243.66,15.97
1087,8059,408,1,1058.65,4.29
1088,952,20,2,1003.15,53.23
1089,81,351,5,1460.34,24.8
1090,940,188,4,2132.76,26.43
1091,1154,286,4,2290.12,13.34
1092,1153,34,6,653.97,20.99
1093,1493,333,4,322.42,59.48
1094,1011,185,2,2056.5,39.13
1095,612,440,7,1134.14,49.44
1096,930,171,4,1472.34,44.94
1097,1201,383,-1,1266.64,18.08
1098,6,429,7,2116.99,2.68
1099,21,106,3,1489.58,46.3
1100,761,307,1,702.33,54.83
1101,1198,231,4,621.93,57.44
1102,502,367,6,2265.14,20.64
1103,122,117,6,712.78,40.98
1104,69,232,5,1739.38,11.62
1105,503,198,4,988.32,25.61
1106,15,28,4,310.51,47.32
1107,554,93,8,1951.29,23.57
1108,1253,138,4,2417.62,4.52
1109,942,317,2,2266.5,35.72
1110,550,96,6,1557.22,35.16
1111,371,406,2,1206.64,24.05
1112,868,281,7,633.43,54.34
1113,1437,27,8,2022.59,0.27
1114,1215,163,5,791.94,3.67
1115,341,109,6,889.79,16.25
1116,1475,143,5,598.22,31.05
1117,905,497,3,656.02,7.61
1118,1419,258,2,1256.79,49.12
1119,1287,330,2,1478.8,58.15
1120,620,495,7,2074.64,12.54
1121,481,175,7,888.95,37.05
1122,118,170,5,2400.29,53.01
1123,684,516,4,2074.71,58.36
1124,657,448,7,1972.4,30.47
1125,815,494,3,909.22,51.74
1126,1306,327,7,426.09,11.01
1127,718,9,6,1824.69,38.14
1128,345,308,4,1474.51,10.82
1129,27,93,3,617.98,17.25
1130,1175,180,7,989.08,26.6
1131,276,420,6,2070.94,34.84
1132,882,199,5,1619.3,13.9
1133,154,52,4,617.8,32.32
1134,364,138,2,221.67,22.94
1135,12,48,3,1156.2,19.22
1136,576,410,7,2078.23,58.54
1137,266,401,6,30.76,13.7
1138,356,205,7,1649.29,40.4
1139,422,203,5,711.37,26.12
1140,282,205,5,2250.32,54.92
1141,403,471,7,1310.78,25.21
1142,65,433,5,1512.99,58.48
1143,569,439,6,254.72,1.19
1144,178,507,3,752.95,52.93
1145,588,225,5,199.03,13.14
1146,708,439,7,1433.64,45.65
1147,23,170,6,1864.67,45.66
1148,857,43,4,1291.72,15.97
1149,1338,13,0,850.56,20.23
1150,641,494,2,980.08,19.28
1151,1209,17,4,1195.0,40.32
1152,103,313,7,1843.91,27.34
1153,1071,269,7,1820.71,45.15
1154,1335,360,7,2123.45,52.61
1155,479,414,2,922.52,41.64
1156,1064,382,1,2346.26,28.52
1157,1425,171,5,839.63,38.99
1158,1152,395,-2,911.54,25.7
1159,692,38,5,2287.54,14.74
1160,56,406,4,60.52,42.05
1161,247,139,7,2220.19,34.48
1162,576,84,8,1272.67,19.75
1163,1029,338,1,971.09,34.36
1164,419,312,8,2468.59,50.63
1165,1306,331,5,1429.65,7.08
1166,933,61,7,1913.66,32.7
1167,823,454,-4,518.8,45.75
1168,824,167,1,1189.04,34.81
1169,364,522,3,1228.89,25.12
1170,662,209,2,1146.57,0.36
1171,867,316,5,398.55,41.73
1172,1097,241,4,2394.31,59.37
1173,1232,20,7,1126.85,35.93
1174,131,349,1,922.82,31.83
1175,557,238,5,1648.43,3.26
1176,301,78,7,1181.33,0.33
1177,1299,386,4,1696.11,38.71
1178,1188,54,5,2206.8,43.36
1179,291,524,0,2349.01,6.87
1180,112,160,8,2200.19,30.79
1181,1105,33,2,1138.38,31.72
1182,1231,425,5,2083.14,19.57
1183,62,20,6,2378.77,38.81
1184,1293,283,1,1060.34,6.74
1185,1229,395,8,1018.33,33.45
1186,1087,137,2,1143.44,48.27
1187,863,200,5,676.96,35.69
1188,1291,189,8,2250.48,0.66
1189,605,147,6,541.3,35.13
1190,320,229,3,1380.54,27.08
1191,1443,61,8,6.92,17.62
1192,769,326,5,109.86,41.9
1193,871,262,8,1975.48,16.7
1194,34,249,5,2101.8,32.81
1195,244,361,8,625.68,56.34
1196,820,421,3,580.9,24.19
1197,950,542,3,935.22,49.0
1198,1366,179,5,469.06,11.07
1199,842,132,-4,998.4,56.92
1200,1166,418,7,1527.63,53.38
1201,1231,159,4,542.26,44.09
1202,819,528,3,933.56,0.74
1203,249,253,5,2238.56,5.74
1204,410,541,2,391.12,0.59
1205,10,69,8,2325.22,37.02
1206,138,313,1,2177.43,33.84
1207,446,308,8,806.89,50.62
1208,963,136,7,1612.85,23.02
1209,328,139,3,143.75,20.21
1210,476,32,7,1073.13,6.14
1211,535,411,1,1624.34,24.14
1212,270,5,4,1571.73,131.17
1213,838,103,6,2445.54,45.87
1214,1315,298,0,623.53,29.45
1215,247,168,4,1207.99,51.03
1216,199,14,4,1607.7,59.43
1217,717,64,3,2415.17,20.01
1218,1274,73,4,528.87,17.9
1219,377,301,8,720.09,46.78
1220,1011,442,-5,1042.88,13.53
1221,135,6,6,195.16,4.28
1222,966,35,6,229.12,57.66
1223,341,356,4,2429.14,48.84
1224,1144,363,2,1823.65,19.26
1225,926,267,7,1674.35,39.98
1226,816,49,1,131.19,14.75
1227,26,319,5,2461.86,14.92
1228,1458,154,1,1704.03,23.62
1229,329,41,7,1712.81,58.33
1230,44,456,7,807.63,20.28
1231,783,290,4,2168.04,20.55
1232,856,136,8,753.45,30.19
1233,1039,55,8,111.22,36.31
1234,990,44,2,1500.72,32.45
1235,1481,289,4,1703.47,48.65
1236,776,103,6,1404.39,48.02
1237,494,191,7,85.71,47.92
1238,1377,163,8,1696.91,57.12
1239,745,286,1,2159.54,40.73
1240,282,202,5,979.05,37.06
1241,695,250,8,2010.75,7.94
1242,835,185,7,2307.51,58.57
1243,283,394,1,328.7,33.33
1244,919,7,7,125.8,3.11
1245,485,43,1,930.56,31.85
1246,1313,90,1,1561.49,0.66
1247,444,45,1,2014.71,1.73
1248,748,139,-3,850.72,46.04
1249,943,380,6,582.01,38.96
1250,383,402,7,112.28,27.81
1251,1010,303,5,2453.8,8.22
1252,654,293,5,1735.25,13.51
1253,186,128,2,1797.32,20.87
1254,718,543,5,1906.41,24.37
1255,344,380,8,135.57,22.79
1256,481,419,3,777.44,26.86
1257,607,460,7,2254.99,7.86
1258,724,65,2,939.27,0.26
1259,904,236,2,1060.79,18.96
1260,111,356,6,326.73,4.5
1261,503,335,1,1775.59,43.92
1262,749,219,8,1460.89,27.61
1263,1173,82,7,1089.64,18.02
1264,1472,415,7,2213.51,11.69
1265,661,507,8,992.99,22.46
1266,960,51,8,2119.67,5.32
1267,544,251,2,1411.34,36.21
1268,886,501,3,1727.06,28.74
1269,1398,137,7,726.29,52.11
1270,274,330,7,2337.25,27.61
1271,1265,192,4,1556.76,13.43
1272,1096,347,4,1716.6,5.64
1273,1411,1,4,1904.06,16.73
1274,284,218,2,1513.6,53.37
1275,19,495,2,824.0,20.53
1276,797,59,7,1423.14,4.17
1277,1129,227,0,2081.68,59.08
1278,438,159,3,2284.46,28.05
1279,448,209,1,2387.58,17.92
1280,980,29,4,1398.49,22.71
1281,71,344,5,342.5,43.68
1282,77,485,1,335.03,1.11
1283,1328,445,3,1072.93,22.28
1284,5,441,1,616.55,48.29
1285,1357,366,7,2208.18,56.75
1286,1493,73,6,1489.56,12.53
1287,1071,223,8,1872.66,42.48
1288,1226,80,7,90.78,53.32
1289,643,15,4,361.59,52.34
1290,608,222,5,2233.5,6.05
1291,1472,547,2,827.21,55.97
1292,467,258,-1,460.22,44.48
1293,335,141,5,2347.92,49.6
1294,1305,166,8,165.21,30.07
1295,290,132,8,149.23,58.35
1296,595,70,2,2468.69,43.4
1297,1179,379,5,981.58,19.47
1298,878,455,7,486.03,14.49
1299,8,456,2,131.48,34.44
1300,289,428,1,251.9,54.05
1301,921,519,8,1665.45,23.92
1302,672,368,3,640.64,0.34
1303,108,396,7,2021.85,17.47
1304,118,366,5,816.11,53.51
1305,620,267,8,2332.72,140.28
1306,414,207,7,47.39,50.19
1307,963,43,4,1023.48,37.33
1308,549,158,7,156.6,41.62
1309,1498,50,4,80.84,52.36
1310,142,218,7,1596.74,28.54
1311,993,499,3,1390.32,21.75
1312,1249,277,1,1162.78,46.2
1313,1416,504,1,1434.73,38.35
1314,457,258,1,355.19,0.07
1315,1469,257,1,2004.57,21.23
1316,6845,144,1,1174.27,9.21
1317,466,99,8,1180.56,27.62
1318,1249,375,5,171.4,44.27
1319,1407,536,3,2098.55,38.48
1320,812,527,7,402.14,13.19
1321,880,32,7,1792.5,9.94
1322,861,493,2,2124.02,41.99
1323,787,413,2,931.97,31.78
1324,185,480,3,2216.45,49.3
1325,1154,320,1,2334.24,14.13
1326,943,148,8,1563.56,1.62
1327,311,176,1,94.6,45.77
1328,878,324,8,143.79,16.83
1329,955,458,2,1569.66,29.78
1330,643,208,1,2108.27,27.77
1331,136,362,1,1396.78,30.6
1332,1247,400,4,1266.29,26.6
1333,421,538,-2,2398.91,23.92
1334,310,244,3,290.72,40.07
1335,58,342,2,390.94,47.35
1336,1072,397,2,1279.31,48.51
1337,1329,501,-4,973.12,57.94
1338,76,122,4,1205.21,33.29
1339,794,237,7,1655.08,27.25
1340,95,249,8,823.12,24.83
1341,1063,231,6,1727.84,29.21
1342,484,104,4,254.87,37.93
1343,1396,326,6,321.81,28.71
1344,1236,228,5,662.2,58.91
1345,1101,215,2,774.88,3.08
1346,1437,105,6,2127.83,32.15
1347,910,117,2,1860.42,26.27
1348,923,458,3,584.14,48.26
1349,1286,274,5,1032.97,48.61
1350,51,238,7,2384.68,3.98
1351,447,138,8,1267.55,7.14
1352,1193,511,3,1505.54,8.84
1353,900,240,4,1778.12,49.79
1354,679,378,3,2489.84,10.5
1355,186,385,2,1377.23,15.26
1356,507,444,8,2276.4,47.68
1357,965,261,6,1858.81,32.69
1358,1332,85,2,1064.61,20.2
1359,10268,166,2,1014.2,38.73
1360,588,102,5,1670.78,53.36
1361,1445,262,8,2028.1,44.16
1362,264,129,4,2427.88,1.72
1363,311,435,1,1439.97,23.07
1364,384,120,7,1133.79,44.78
1365,851,424,3,2493.47,54.92
1366,570,179,3,1984.62,8.02
1367,1432,226,1,185.56,43.51
1368,868,227,1,239.0,36.86
1369,671,154,7,305.14,37.01
1370,433,252,8,763.59,21.63
1371,630,144,1,279.56,29.38
1372,263,389,6,1838.98,53.62
1373,1298,343,3,1217.49,51.05
1374,539,95,4,2318.6,55.15
1375,1122,332,-2,1858.66,3.81
1376,1479,214,5,1949.82,15.35
1377,1126,409,4,1433.79,45.3
1378,479,68,7,1829.38,22.43
1379,988,300,6,236.52,46.9
1380,938,539,6,538.07,41.29
1381,593,15,8,1241.39,5.69
1382,398,54,1,154.14,32.15
1383,499,88,6,234.79,13.73
1384,986,548,1,1217.28,32.93
1385,200,47,6,1061.0,45.66
1386,109,417,1,361.26,34.69
1387,406,251,6,2355.45,44.58
1388,26,414,1,466.62,52.46
1389,1326,344,6,2289.2,17.3
1390,196,99,7,1025.1,18.9
1391,525,328,1,243.14,25.46
1392,512,211,3,343.53,2.24
1393,655,238,3,1663.77,22.67
1394,1342,29,1,2126.59,12.46
1395,1095,315,4,573.42,10.89
1396,776,120,5,842.16,40.76
1397,683,130,7,749.51,36.56
1398,877,6,7,1076.35,44.73
1399,1495,366,8,1564.63,14.55
1400,1356,370,4,893.75,5.53
1401,1410,182,7,930.46,50.82
1402,548,500,3,927.48,38.37
1403,125,427,8,1957.98,14.95
1404,1192,380,5,2309.89,43.18
1405,1366,239,7,322.57,45.95
1406,1130,348,4,2194.19,59.39
1407,1012,155,2,395.85,38.69
1408,857,202,4,813.33,39.56
1409,842,337,1,1035.33,43.84
1410,302,304,4,1541.7,45.54
1411,1347,80,4,1686.16,6.09
1412,1056,202,4,62.69,28.44
1413,778,61,1,2357.75,36.81
1414,988,20,5,1436.73,58.75
1415,585,408,5,1958.58,11.04
1416,1316,285,3,974.56,20.67
1417,831,211,2,1152.72,35.1
1418,1206,308,-4,2052.55,50.79
1419,164,113,7,1797.92,5.31
1420,840,463,4,550.03,6.66
1421,215,399,1,288.4,14.81
1422,1233,279,2,490.75,58.32
1423,442,488,8,1643.69,41.14
1424,1093,103,5,226.08,4.27
1425,890,506,5,2272.23,24.03
1426,580,86,5,1642.11,53.62
1427,80,155,7,2133.77,24.25
1428,1115,34,1,619.89,57.29
1429,8805,206,6,759.4,9.36
1430,123,215,1,1739.92,40.28
1431,995,103,1,204.19,5.93
1432,1438,89,3,1957.81,40.91
1433,34,139,1,408.12,33.34
1434,1342,91,8,2128.46,8.2
1435,993,77,7,1193.71,29.45
1436,604,439,2,98.59,18.1
1437,228,389,5,427.45,7.14
1438,582,50,6,548.4,35.81
1439,888,190,5,2036.3,59.9
1440,360,509,1,351.63,29.19
1441,134,478,5,1303.89,21.53
1442,800,290,4,2453.0,6.36
1443,1288,349,7,524.48,30.29
1444,299,189,8,394.38,45.63
1445,741,415,1,1193.65,4.98
1446,1340,282,7,1275.56,25.26
1447,369,267,8,1946.18,0.31
1448,1307,422,5,2470.75,6.02
1449,278,550,3,484.47,7.3
1450,1351,166,3,456.55,17.03
1451,1098,285,4,898.0,35.73
1452,66,2,5,1133.67,13.69
1453,209,119,1,2065.98,18.87
1454,653,454,3,2309.22,55.77
1455,593,121,6,2391.47,2.46
1456,952,537,1,2129.46,18.01
1457,1274,295,6,610.25,19.97
1458,259,523,5,723.34,47.99
1459,590,132,4,61.32,20.66
1460,1146,26,2,1670.75,49.43
1461,1271,456,4,2055.94,34.54
1462,654,340,8,1961.7,18.36
1463,43,285,1,2086.12,25.8
1464,1306,51,3,1301.96,25.75
1465,773,69,7,1151.95,45.37
1466,761,455,6,364.03,55.59
1467,857,71,1,354.33,1.23
1468,575,200,3,1602.17,17.75
1469,618,471,3,811.16,0.55
1470,578,189,5,439.4,0.29
1471,66,281,5,280.97,14.8
1472,816,111,8,708.06,55.69
1473,787,179,7,42.29,22.14
1474,126,245,3,1553.35,35.99
1475,735,186,6,1601.89,8.36
1476,793,232,3,1514.73,54.29
1477,1414,93,5,2378.44,49.75
1478,55,310,3,2263.41,14.44
1479,361,416,1,993.56,49.16
1480,68,221,3,1252.78,46.81
1481,734,8,2,1680.2,34.59
1482,1317,250,8,1512.47,3.71
1483,120,23,6,1078.57,11.05
1484,698,386,8,164.66,21.23
1485,1229,317,-4,1450.52,53.91
1486,465,1,4,346.11,57.74
1487,1334,480,2,715.74,26.47
1488,590,251,2,1539.27,21.16
1489,1388,107,8,1072.63,25.68
1490,120,353,7,171.91,34.53
1491,1135,89,8,1370.86,4.45
1492,1478,62,2,980.03,40.79
1493,905,25,7,515.22,9.07
1494,1401,498,3,183.67,49.12
1495,1059,292,4,2279.48,17.16
1496,312,320,4,1136.62,54.5
1497,1167,153,2,521.91,20.67
1498,1350,515,4,321.39,57.87
1499,1462,265,4,2004.61,20.55
1500,147,350,3,107.9,16.49
1501,63,398,7,985.33,26.71
1502,452,378,3,2483.59,20.73
1503,510,501,7,788.47,36.82
1504,842,267,7,403.56,48.13
1505,590,377,7,1565.56,57.51
1506,1185,133,7,1336.91,6.59
1507,1377,56,8,2190.16,10.76
1508,474,328,4,647.21,51.99
1509,150,135,6,2253.08,47.25
1510,600,506,1,720.75,29.56
1511,1162,475,2,2160.73,39.33
1512,940,25,3,238.55,40.84
1513,295,249,3,1735.07,41.92
1514,553,325,8,1003.5,0.71
1515,404,417,7,505.15,59.31
1516,311,28,5,1260.93,23.26
1517,519,209,7,2123.54,22.86
1518,1044,171,7,1249.42,5.15
1519,424,391,-3,1602.09,55.04
1520,891,137,-3,2293.48,42.91
1521,107,117,6,1910.18,33.84
1522,441,384,1,198.23,17.51
1523,225,487,1,1354.53,57.1
1524,1044,37,1,708.2,3.83
1525,831,395,4,2084.93,38.06
1526,212,282,5,1147.91,3.0
1527,87,13,6,956.68,29.22
1528,924,269,1,391.15,54.71
1529,3341,415,4,1211.91,5.6
1530,750,529,7,286.49,28.2
1531,790,450,4,1661.67,3.94
1532,86,329,4,940.44,38.62
1533,138,357,3,1365.85,57.11
1534,507,522,7,1650.35,54.33
1535,1435,494,6,1350.87,25.52
1536,1123,497,4,21.12,20.46
1537,323,474,7,1483.35,13.32
1538,649,72,1,415.69,31.07
1539,615,437,8,2046.37,0.46
1540,1156,484,1,1599.08,13.43
1541,1465,171,8,1142.42,45.34
1542,248,514,8,1632.92,11.91
1543,1235,63,-1,370.34,8.49
1544,571,145,8,545.43,3.11
1545,8552,496,8,2463.71,37.14
1546,1458,438,8,275.3,36.59
1547,717,409,5,106.53,40.88
1548,1074,241,1,48.58,9.14
1549,577,142,6,494.71,12.02
1550,1423,187,2,1901.8,37.43
1551,28,470,-3,1198.21,3.0
1552,234,343,2,211.13,2.23
1553,1438,99,3,1050.55,1.96
1554,822,358,5,2112.52,35.87
1555,1140,209,4,898.6,36.01
1556,221,291,2,2046.41,58.22
1557,1456,518,7,2133.39,14.4
1558,320,24,8,1733.22,24.46
1559,748,150,7,1349.12,53.34
1560,341,511,1,2028.06,44.08
1561,1348,145,-4,1661.86,39.99
1562,773,18,6,703.11,29.73
1563,235,411,1,2198.38,11.89
1564,481,328,4,956.57,49.96
1565,412,14,1,1475.39,35.71
1566,481,68,1,2024.81,49.44
1567,92,178,4,843.13,3.87
1568,1114,185,4,128.18,13.24
1569,909,428,7,987.8,38.56
1570,1049,85,7,1302.18,59.05
1571,1172,311,5,1923.91,52.31
1572,1471,226,2,95.66,32.91
1573,435,251,-5,1084.46,36.28
1574,1268,516,2,1868.76,25.33
1575,477,486,6,1620.86,6.23
1576,995,438,8,1199.4,7.52
1577,1088,222,6,66.31,23.79
1578,1311,166,3,464.27,26.63
1579,1416,528,-2,1121.63,56.98
1580,666,174,1,1162.18,14.51
1581,652,549,8,1203.28,19.36
1582,1236,508,4,2280.78,44.52
1583,51,325,-1,2296.55,17.45
1584,903,112,6,1209.7,34.3
1585,285,361,2,1338.29,38.9
1586,632,539,6,1935.8,130.57
1587,537,277,8,1405.14,20.97
1588,949,51,3,1476.18,6.1
1589,308,349,7,2089.85,16.51
1590,1171,24,6,377.34,13.62
1591,388,418,1,964.18,0.82
1592,1021,201,-2,2031.9,54.28
1593,1334,434,8,911.88,47.56
1594,1301,296,6,1239.57,5.52
1595,1315,284,6,2253.72,54.5
1596,524,51,8,1973.52,18.24
1597,764,225,5,955.14,32.94
1598,1099,429,4,1667.31,30.4
1599,608,235,7,1576.8,49.93
1600,443,445,6,604.64,39.78
1601,944,485,5,613.04,39.03
1602,1250,224,5,613.42,25.84
1603,1223,346,1,1909.08,19.15
1604,123,370,3,1332.37,9.91
1605,17,53,4,1420.03,26.81
1606,1004,146,5,1589.17,40.02
1607,1405,5,2,1057.17,59.57
1608,226,363,1,753.24,39.48
1609,1152,97,2,352.48,15.89
1610,1401,239,6,474.29,43.49
1611,206,115,1,690.55,24.07
1612,379,472,7,2102.03,10.99
1613,1368,353,6,1242.3,33.24
1614,1387,359,2,652.56,58.61
1615,1237,83,2,1194.21,18.27
1616,733,321,8,1747.85,25.07
1617,971,191,8,503.49,23.12
1618,288,89,6,2408.49,45.75
1619,342,436,7,76.72,7.11
1620,1342,453,1,1062.62,36.21
1621,884,247,-2,2307.75,56.99
1622,893,506,1,1782.13,49.29
1623,1106,147,7,1104.58,6.0
1624,355,221,1,774.9,56.15
1625,1347,299,6,1521.48,17.87
1626,95,149,4,272.13,28.28
1627,760,453,2,279.95,35.43
1628,585,265,4,1619.01,52.98
1629,763,231,1,1715.76,39.87
1630,1199,496,2,805.13,41.0
1631,235,479,6,2023.2,12.82
1632,332,522,2,1860.38,29.35
1633,1267,160,4,995.69,47.21
1634,907,224,8,289.2,8.21
1635,1053,463,5,868.91,37.13
1636,1493,83,5,689.04,48.53
1637,364,7,4,1403.35,2.05
1638,437,318,3,1488.14,27.16
1639,813,49,5,26.23,47.32
1640,560,418,6,747.51,42.66
1641,300,246,2,116.41,49.81
1642,1362,136,6,254.82,22.52
1643,206,318,0,591.38,10.14
1644,484,178,4,1714.43,45.14
1645,793,536,7,559.55,14.25
1646,1158,89,4,1847.01,27.95
1647,1046,314,3,120.2,7.76
1648,527,103,1,1144.6,16.14
1649,748,29,6,264.98,0.39
1650,761,83,2,1557.43,18.24
1651,532,373,7,863.57,6.89
1652,382,465,8,1118.14,6.98
1653,1384,514,7,605.09,6.39
1654,823,391,4,2350.19,29.67
1655,940,101,8,1869.86,2.79
1656,1494,144,5,1669.71,18.12
1657,801,391,4,7.12,6.63
1658,937,427,3,1567.39,11.13
1659,1048,233,7,521.99,15.72
1660,56,257,7,1484.92,55.62
1661,444,387,4,12.46,13.19
1662,1399,234,2,1914.94,10.87
1663,297,117,1,961.34,16.81
1664,90,271,3,1449.63,27.1
1665,263,526,4,55.95,26.78
1666,1195,411,8,839.99,36.77
1667,1490,534,8,2236.5,26.93
1668,1230,59,3,270.61,16.75
1669,839,344,2,1384.47,6.12
1670,10204,10,6,1018.92,59.59
1671,410,97,6,2082.84,10.68
1672,849,106,7,548.71,30.43
1673,182,217,1,982.95,10.0
1674,97,117,1,1251.48,29.63
1675,387,176,4,1056.87,50.25
1676,158,482,5,1448.1,2.72
1677,1412,58,6,1875.59,46.59
1678,1032,231,4,1701.81,32.89
1679,254,157,4,1511.37,54.65
1680,701,109,3,810.06,4.01
1681,521,506,2,2048.16,42.4
1682,832,39,4,1430.76,15.49
1683,426,258,7,547.98,14.54
1684,964,410,1,1628.28,39.7
1685,743,476,1,1408.2,36.32
1686,361,111,4,824.91,55.54
1687,858,411,4,543.4,11.53
1688,879,464,-2,306.95,42.4
1689,23,185,3,1838.76,5.64
1690,1264,538,4,2027.84,40.42
1691,504,190,5,2254.96,32.66
1692,1329,318,5,392.48,1.85
1693,1420,287,6,23.27,26.35
1694,719,94,7,1645.14,24.99
1695,562,9,2,775.78,37.26
1696,1270,67,6,781.06,18.0
1697,666,96,3,966.93,54.11
1698,145,28,6,1543.17,34.67
1699,360,37,8,958.67,34.99
1700,868,178,4,583.12,34.12
1701,191,67,4,1524.03,37.27
1702,473,313,3,738.67,40.4
1703,1050,193,5,1687.99,13.8
1704,488,264,7,1093.27,43.9
1705,1040,446,5,443.44,33.72
1706,786,137,8,676.13,49.97
1707,1183,356,6,1523.9,55.27
1708,1294,9,7,712.03,36.06
1709,964,415,2,2007.41,0.27
1710,1213,349,8,534.61,17.09
1711,1495,412,7,1077.1,36.68
1712,529,468,-1,1146.65,38.55
1713,888,53,8,2270.92,57.8
1714,441,537,8,261.06,49.76
1715,858,443,0,850.07,30.31
1716,41,99,5,1409.62,10.84
1717,582,213,7,1440.83,52.98
1718,570,332,6,1954.94,42.44
1719,470,497,5,2253.6,26.08
1720,6363,550,8,315.31,50.67
1721,677,58,4,1349.6,59.94
1722,877,177,5,1287.83,37.75
1723,511,530,7,2149.33,40.27
1724,402,331,2,59.23,45.85
1725,900,387,4,8.83,55.24
1726,756,151,8,1151.87,45.54
1727,100,222,1,2363.66,12.94
1728,623,289,7,1274.13,44.83
1729,1472,251,3,494.46,40.78
1730,182,489,1,1123.99,7.44
1731,915,309,8,2215.92,24.81
1732,279,398,6,1743.07,54.1
1733,1136,501,8,2415.64,36.8
1734,1402,294,6,350.15,11.42
1735,942,260,4,1193.11,33.45
1736,577,26,8,1056.02,18.49
1737,912,360,6,1887.18,39.1
1738,426,61,1,1610.16,51.07
1739,69,419,3,609.21,15.8
1740,501,538,7,916.82,10.82
1741,411,134,1,1580.09,40.27
1742,28,38,2,180.0,48.9
1743,1198,371,7,2084.7,5.21
1744,209,326,8,1969.95,25.58
1745,639,314,2,1279.26,24.5
1746,998,1,7,1002.74,46.92
1747,786,151,6,1781.48,20.59
1748,1230,384,-5,174.16,42.08
1749,1417,238,-2,1437.76,25.37
1750,586,18,4,1559.74,54.88
1751,138,260,2,1332.18,18.5
1752,630,462,2,637.06,30.02
1753,344,268,3,11.64,15.75
1754,212,18,3,2291.23,30.27
1755,1322,232,7,1036.98,51.87
1756,982,310,4,2297.09,40.46
1757,18,145,5,2252.25,46.35
1758,1095,81,6,1596.05,29.34
1759,1234,336,1,2023.07,42.35
1760,1388,78,7,829.08,50.37
1761,227,386,3,541.75,51.23
1762,1204,226,2,1371.59,2.46
1763,114,201,5,2166.04,7.63
1764,1243,178,6,1437.71,14.53
1765,107,105,3,1183.09,5.44
1766,179,303,4,214.2,21.38
1767,401,56,1,478.57,17.81
1768,922,452,2,2234.79,53.28
1769,835,370,6,802.82,50.36
1770,886,244,5,303.6,58.43
1771,1224,101,5,856.4,18.41
1772,169,106,-1,2294.71,58.93
1773,780,96,-5,1592.94,15.0
1774,253,415,3,384.1,48.63
1775,729,412,7,2386.74,11.61
1776,555,509,2,1865.66,34.12
1777,285,361,8,127.65,8.75
1778,96,475,6,1541.13,15.25
1779,392,475,6,225.49,54.06
1780,92,340,1,1767.71,37.91
1781,1057,410,-4,114.57,10.41
1782,373,269,-3,2118.76,15.81
1783,818,350,5,2177.21,58.32
1784,1197,518,5,514.57,23.34
1785,1285,363,8,1329.45,26.57
1786,781,356,4,189.8,57.54
1787,854,132,1,2212.38,47.96
1788,397,392,-3,1207.58,39.92
1789,916,82,4,1274.8,7.28
1790,1477,263,6,1825.98,57.04
1791,1167,297,2,652.74,43.86
1792,741,239,4,1473.37,57.44
1793,838,486,6,1823.14,43.81
1794,1011,9,7,2037.66,46.21
1795,680,390,3,922.06,39.75
1796,1359,191,3,1793.68,45.61
1797,227,540,4,109.13,30.85
1798,875,549,7,1214.97,29.71
1799,38,409,4,1201.68,16.84
1800,667,487,6,1592.27,28.65
1801,706,338,8,689.97,57.92
1802,179,66,7,1711.34,9.39
1803,909,331,2,1975.82,25.46
1804,686,230,6,184.49,38.48
1805,637,115,7,597.77,54.81
1806,103,212,3,157.26,47.06
1807,78,88,8,1632.26,55.32
1808,297,130,4,766.75,10.04
1809,782,421,5,1092.56,57.3
1810,1298,519,4,495.36,0.3
1811,684,225,7,1003.61,6.26
1812,709,335,1,865.9,53.55
1813,84,448,7,1584.32,8.16
1814,1289,341,5,1562.01,35.96
1815,314,544,8,1848.52,9.21
1816,1027,374,2,2199.3,58.19
1817,1480,223,8,1137.7,32.94
1818,183,163,4,2356.27,28.66
1819,1049,274,8,1405.14,1.34
1820,985,352,2,1519.84,29.0
1821,759,71,5,750.84,36.24
1822,339,348,5,1551.68,45.56
1823,501,530,8,683.92,21.03
1824,654,38,5,1814.58,47.63
1825,431,314,8,1644.82,51.59
1826,1155,179,5,1920.37,3.23
1827,830,247,4,903.06,7.5
1828,105,49,5,1158.55,45.99
1829,1259,270,5,1737.11,10.38
1830,749,480,5,264.14,38.89
1831,1498,500,6,2189.46,12.84
1832,1363,322,6,2417.01,1.06
1833,1381,353,8,908.5,39.22
1834,825,46,5,1572.03,11.61
1835,344,245,5,1112.88,27.9
1836,516,411,8,1585.83,43.77
1837,1010,501,4,2435.61,20.96
1838,655,349,4,1250.79,42.83
1839,825,38,7,256.43,20.88
1840,1389,32,2,1098.63,22.99
1841,1174,277,7,1753.32,31.74
1842,643,101,2,1874.41,48.63
1843,485,435,6,2495.54,29.21
1844,492,377,7,118.46,7.69
1845,1094,220,4,580.06,6.39
1846,398,8,8,2277.39,29.55
1847,635,233,4,787.55,43.63
1848,848,453,5,1302.8,42.22
1849,1368,12,4,2012.46,26.22
1850,748,158,3,2435.9,56.92
1851,1371,426,5,1770.32,8.49
1852,1038,536,2,225.71,7.71
1853,402,171,3,809.07,22.66
1854,222,501,3,2108.04,51.91
1855,808,327,5,946.97,12.89
1856,768,325,2,1304.33,41.25
1857,1364,351,8,473.01,41.23
1858,296,60,2,1726.59,50.25
1859,1480,440,5,2155.58,15.61
1860,1374,138,5,1656.38,14.58
1861,547,62,8,426.61,23.35
1862,401,2,7,2300.73,28.97
1863,1500,11,8,1091.55,14.23
1864,953,387,1,1210.54,41.34
1865,135,427,3,109.28,50.73
1866,809,51,7,2035.74,13.57
1867,1375,166,6,1990.63,25.76
1868,612,112,1,810.64,45.16
1869,1248,21,1,2413.31,45.04
1870,1322,16,2,1764.39,40.96
1871,253,71,2,473.63,8.53
1872,802,476,3,299.07,14.8
1873,1226,255,3,1953.49,10.31
1874,8,144,1,1378.26,22.01
1875,566,527,-5,583.6,22.08
1876,473,516,2,15.63,14.36
1877,669,87,5,946.57,41.42
1878,707,126,-2,1837.34,54.44
1879,182,155,2,1430.54,57.09
1880,1194,494,4,850.49,36.17
1881,205,505,8,1749.65,20.72
1882,1025,463,5,188.92,55.97
1883,783,5,5,1354.47,38.08
1884,1138,329,5,292.68,45.84
1885,827,469,1,28.43,18.61
1886,1344,466,4,2107.68,28.35
1887,485,46,7,1872.3,27.07
1888,1024,271,1,758.98,32.0
1889,89,311,4,2110.02,59.45
1890,793,21,3,1211.7,46.77
1891,1196,369,5,2007.85,7.04
1892,221,53,8,983.55,21.72
1893,1380,360,8,383.49,34.6
1894,607,520,1,1896.74,36.53
1895,529,390,7,33.46,43.41
1896,1493,187,7,173.86,55.89
1897,1123,488,8,2208.46,26.34
1898,768,480,7,365.07,28.11
1899,377,455,1,2366.15,59.3
1900,253,134,3,1653.42,32.38
1901,1338,172,4,1712.61,3.11
1902,294,221,5,703.41,24.07
1903,8302,29,7,1417.17,42.46
1904,1393,3,3,480.87,52.8
1905,662,144,6,609.89,2.91
1906,784,272,6,721.73,56.82
1907,503,110,1,643.53,57.79
1908,294,543,8,1028.44,58.24
1909,748,342,7,1378.87,26.8
1910,813,29,3,426.12,4.51
1911,985,36,6,1402.66,55.35
1912,1213,135,8,402.9,29.82
1913,1433,79,5,1420.62,10.42
1914,232,486,5,754.54,14.07
1915,375,519,-1,53.37,2.48
1916,1080,500,3,2347.8,9.55
1917,1441,4,6,747.41,4.01
1918,565,543,2,143.61,24.35
1919,270,478,2,892.0,40.83
1920,917,259,4,2169.96,28.88
1921,700,300,4,508.15,22.35
1922,1011,146,4,997.75,0.63
1923,101,91,3,576.65,4.53
1924,1360,545,8,22.38,43.34
1925,1159,443,8,1674.93,7.75
1926,151,134,3,1376.52,7.58
1927,465,153,1,2079.2,51.06
1928,8676,489,2,862.46,37.9
1929,762,331,4,2006.17,5.0
1930,1232,169,8,838.95,18.16
1931,227,318,8,2067.68,9.51
1932,267,355,4,1734.29,39.19
1933,963,461,7,1772.16,10.31
1934,529,305,6,2150.52,27.75
1935,1015,169,6,1194.0,24.37
1936,1457,315,1,2088.12,34.28
1937,464,277,5,317.78,51.85
1938,104,32,1,1505.51,21.26
1939,468,490,3,1016.77,58.14
1940,284,129,1,555.96,13.86
1941,1220,87,1,2281.37,8.9
1942,496,112,8,464.94,18.64
1943,135,265,7,1431.09,52.73
1944,1299,68,4,547.48,31.65
1945,559,460,4,2085.99,38.84
1946,662,428,8,1969.85,4.95
1947,723,256,3,419.58,9.81
1948,617,477,6,31.44,8.59
1949,7110,17,1,1083.65,24.39
1950,1321,320,8,627.3,19.49
1951,533,54,4,316.73,35.92
1952,1483,63,6,2029.5,34.25
1953,1274,202,7,1470.77,51.22
1954,1376,188,3,1285.89,13.35
1955,936,203,2,2230.38,56.06
1956,477,284,4,130.93,25.39
1957,208,184,5,58.99,22.46
1958,1464,470,6,116.83,23.99
1959,258,255,1,1221.25,56.83
1960,665,548,5,1586.95,16.4
1961,312,307,2,201.35,22.28
1962,763,90,1,2353.74,4.52
1963,187,256,6,2259.03,44.58
1964,1494,318,2,1543.09,6.6
1965,1418,510,8,2373.74,23.54
1966,473,178,3,2451.75,1.05
1967,882,124,2,1680.02,39.43
1968,1467,443,1,1148.21,18.76
1969,593,158,7,1254.93,39.13
1970,1220,457,4,1716.17,25.35
1971,1035,44,2,115.11,45.92
1972,856,99,3,1216.55,30.05
1973,202,213,7,1642.83,14.58
1974,1072,117,6,226.04,21.19
1975,862,47,7,838.51,33.41
1976,329,390,1,1200.52,29.3
1977,4,115,5,1121.33,27.49
1978,721,431,4,1819.24,1.73
1979,1093,228,8,2380.99,35.9
1980,1288,381,5,1520.87,27.69
1981,163,267,1,2359.83,30.91
1982,856,461,6,1908.34,5.04
1983,624,363,6,2053.46,18.22
1984,184,516,8,527.73,0.98
1985,67,138,6,1074.16,12.84
1986,962,489,4,253.06,33.43
1987,222,165,5,1371.03,0.76
1988,212,148,6,2388.49,19.27
1989,1348,60,1,1270.67,2.19
1990,1155,214,8,596.07,8.11
1991,774,100,5,625.58,40.28
1992,57,31,6,397.68,56.21
1993,37,504,2,1097.02,57.71
1994,846,322,7,385.75,41.59
1995,736,103,3,367.45,46.68
1996,1295,414,4,98.2,57.24
1997,80,382,2,465.21,22.14
1998,1155,45,3,1931.65,54.49
1999,690,72,2,2125.25,7.63
2000,1080,301,1,1461.34,11.62
2001,170,335,6,2073.67,51.33
2002,578,311,3,1999.12,33.32
2003,515,550,2,614.57,27.72
2004,615,376,2,2283.93,9.15
2005,1391,390,5,1971.03,14.91
2006,1176,419,-1,66.15,46.95
2007,190,514,2,2037.38,36.94
2008,646,388,3,2221.54,24.55
2009,1131,217,4,658.27,11.88
2010,143,529,2,783.57,20.51
2011,176,238,8,2185.32,18.58
2012,923,40,5,1982.0,54.16
2013,929,103,8,1318.78,11.88
2014,538,363,6,1187.13,9.15
2015,672,484,8,1815.48,12.89
2016,922,272,8,14.26,14.82
2017,219,235,5,226.96,24.27
2018,616,73,-4,47.22,45.54
2019,924,360,1,872.47,23.79
2020,180,38,7,1611.8,47.21
2021,340,330,5,58.19,17.44
2022,1068,410,7,1938.37,48.98
2023,1211,279,8,35.23,24.32
2024,219,26,8,1995.84,104.52
2025,996,228,5,1490.82,48.95
2026,76,455,2,1108.66,45.53
2027,107,38,2,673.78,56.69
2028,731,343,5,572.49,39.72
2029,621,417,6,2350.61,59.14
2030,984,28,6,613.29,146.9
2031,114,319,3,964.89,20.88
2032,1474,396,8,1620.75,6.23
2033,931,222,7,1737.7,30.39
2034,1470,156,6,2115.26,19.77
2035,1355,250,8,1648.84,27.19
2036,190,268,4,687.33,7.46
2037,987,400,1,916.4,6.08
2038,469,328,2,974.51,23.59
2039,1204,193,5,985.9,49.18
2040,1096,459,-3,1658.24,19.66
2041,996,6,4,630.09,41.74
2042,203,405,3,908.48,50.03
2043,1329,57,3,976.63,2.87
2044,165,114,2,2045.85,24.92
2045,1199,471,5,2420.02,37.61
2046,168,143,1,121.96,30.72
2047,1342,198,7,2081.36,45.85
2048,1407,415,4,188.57,15.74
2049,256,506,8,2371.98,59.51
2050,744,325,3,320.48,59.48
2051,1121,140,4,1877.88,59.04
2052,589,125,4,2072.03,24.81
2053,239,447,4,795.58,35.46
2054,848,474,4,372.62,39.99
2055,1461,234,3,1972.04,53.13
2056,1301,412,3,954.43,27.67
2057,533,329,3,785.99,24.87
2058,527,265,4,2004.58,25.75
2059,1441,446,2,190.59,13.35
2060,95,437,1,804.58,5.11
2061,684,325,1,1928.45,41.92
2062,342,494,1,433.47,5.88
2063,312,17,7,2384.52,6.97
2064,366,407,3,479.7,4.35
2065,14,180,8,1173.68,27.32
2066,1170,201,8,2132.52,20.78
2067,1156,150,2,188.36,12.99
2068,802,467,-5,1067.11,23.58
2069,1338,475,3,915.1,43.82
2070,329,211,1,906.93,1.92
2071,1041,150,5,2485.59,30.68
2072,458,176,8,1708.97,12.16
2073,352,452,6,1907.43,20.94
2074,377,3,0,1544.87,33.02
2075,283,482,7,1706.29,36.78
2076,881,215,3,1563.64,21.21
2077,188,20,-3,2213.08,6.89
2078,622,263,3,523.94,12.59
2079,22,463,1,388.08,13.85
2080,1445,195,5,497.74,48.41
2081,1177,118,3,2124.3,51.87
2082,230,426,7,2101.38,36.73
2083,1144,483,4,519.82,119.32
2084,518,66,7,980.45,0.26
2085,1405,295,1,254.13,5.7
2086,834,307,3,1291.73,17.74
2087,244,368,-1,1637.22,24.48
2088,1174,426,4,309.81,42.5
2089,763,164,3,1653.34,56.13
2090,665,516,8,1621.56,14.1
2091,556,59,5,1244.88,56.31
2092,1386,204,2,221.91,46.58
2093,665,328,3,1160.2,33.13
2094,363,412,8,694.52,58.16
2095,41,261,1,1768.21,7.06
2096,1114,443,5,2067.91,36.55
2097,451,377,5,1653.57,52.76
2098,93,334,7,1110.17,35.98
2099,181,110,4,50.71,19.88
2100,844,147,2,223.97,32.97
2101,731,544,1,1995.99,20.92
2102,344,186,7,1774.75,22.56
2103,16,527,2,329.11,34.67
2104,1058,233,-4,705.5,44.43
2105,505,491,3,1169.02,55.74
2106,1426,404,4,532.05,44.89
2107,1064,362,6,1836.03,33.65
2108,1260,525,5,1940.98,28.04
2109,1427,249,1,1614.4,29.79
2110,583,305,5,2174.52,6.62
2111,89,463,3,1860.82,38.41
2112,704,292,8,2076.71,6.55
2113,801,32,4,855.5,30.92
2114,1252,529,1,1157.84,46.97
2115,879,373,4,2305.22,25.0
2116,1131,74,4,2477.5,29.33
2117,1421,216,2,2016.89,27.94
2118,795,97,4,794.18,37.59
2119,1008,521,3,375.79,42.7
2120,659,290,-2,1024.96,20.4
2121,1136,342,3,564.4,57.72
2122,1400,403,4,787.34,19.86
2123,244,292,1,474.99,14.74
2124,988,499,6,2216.14,42.62
2125,643,377,1,2283.55,2.46
2126,233,482,5,667.35,21.63
2127,562,482,3,273.9,55.63
2128,1223,96,1,2107.63,26.26
2129,830,106,3,2266.35,14.21
2130,1455,28,7,1395.86,40.27
2131,526,380,6,1453.68,58.17
2132,435,341,8,1921.56,40.33
2133,444,238,4,1443.51,15.77
2134,842,37,-2,1737.23,24.02
2135,773,146,1,463.44,8.98
2136,1156,455,1,1004.03,36.33
2137,885,474,-1,2390.68,10.36
2138,115,213,5,1530.95,35.95
2139,336,118,4,1716.24,49.07
2140,1205,75,7,1959.08,6.75
2141,691,230,-1,403.24,2.53
2142,114,129,8,1113.96,27.24
2143,111,324,8,1839.67,26.69
2144,342,149,3,1733.96,41.62
2145,53,82,1,2254.33,42.22
2146,749,516,5,1230.22,34.07
2147,1419,20,5,1102.7,15.42
2148,702,182,8,1738.72,32.85
2149,1099,268,-1,2027.11,16.36
2150,652,491,1,2485.05,54.29
2151,1053,513,3,1366.66,31.35
2152,9017,140,7,1719.11,38.63
2153,774,264,6,493.71,38.73
2154,869,35,7,1359.16,12.08
2155,1414,412,6,1591.76,34.96
2156,391,127,5,338.17,14.29
2157,765,277,1,216.43,58.63
2158,1140,268,1,2327.75,0.07
2159,1054,410,6,430.52,38.93
2160,1484,57,5,569.09,32.88
2161,764,454,3,1622.05,4.99
2162,110,336,1,132.85,48.91
2163,1017,371,-2,34.49,20.88
2164,592,485,4,1759.81,1.97
2165,25,177,6,2261.65,28.4
2166,1328,472,6,1601.81,25.34
2167,1219,463,3,869.64,40.69
2168,1261,265,5,213.03,20.95
2169,1473,217,6,236.82,11.26
2170,940,236,7,1855.19,41.2
2171,917,389,7,1918.97,126.98
2172,704,509,8,756.44,48.0
2173,1067,306,2,691.21,2.09
2174,120,217,7,431.43,40.43
2175,910,262,7,526.7,45.89
2176,650,149,2,247.44,41.49
2177,117,531,2,2405.59,40.65
2178,1048,330,2,610.69,24.72
2179,1025,215,4,1628.83,51.09
2180,18,41,7,665.42,58.07
2181,1015,138,-3,744.78,49.36
2182,1059,496,2,1797.06,3.85
2183,578,482,5,1119.91,17.68
2184,1196,254,8,1804.04,40.93
2185,370,83,3,1250.1,48.52
2186,705,148,7,1117.81,25.67
2187,1032,531,8,2352.07,16.73
2188,1051,265,2,592.82,145.99
2189,279,219,1,1729.68,26.1
2190,1425,465,4,631.66,30.96
2191,56,114,5,1970.13,14.54
2192,1473,358,2,2453.07,48.2
2193,279,136,1,2415.39,1.69
2194,858,344,6,2419.66,2.11
2195,1448,134,4,623.95,26.4
2196,1383,181,8,173.18,38.92
2197,583,306,7,474.19,48.39
2198,267,79,8,1363.6,54.24
2199,1106,49,6,1743.9,37.35
2200,1046,340,6,1085.36,17.79
2201,1071,30,3,849.78,10.28
2202,1358,536,1,2278.77,57.14
2203,559,400,5,443.13,9.38
2204,1419,546,1,824.2,4.75
2205,452,172,8,232.47,51.89
2206,430,164,7,2361.89,58.81
2207,260,454,7,344.78,42.15
2208,693,191,7,2453.99,8.97
2209,1036,495,5,1096.89,44.6
2210,5831,187,4,668.57,48.8
2211,1304,378,7,437.84,7.74
2212,928,512,1,640.45,31.84
2213,1446,482,8,555.46,49.49
2214,349,353,1,783.87,15.27
2215,1489,157,7,1305.41,42.02
2216,457,461,1,736.46,28.6
2217,1143,71,5,1002.33,13.97
2218,801,352,5,1289.67,15.87
2219,1375,442,3,1780.63,4.23
2220,1413,167,6,1338.97,26.26
2221,22,434,5,2350.34,35.57
2222,572,164,7,64.95,19.38
2223,122,88,4,2149.34,30.7
2224,1421,121,8,232.34,8.63
2225,459,254,1,804.57,46.5
2226,156,40,2,918.11,27.42
2227,405,334,8,1230.05,27.65
2228,653,391,6,1159.39,40.07
2229,606,362,6,1530.96,22.07
2230,702,332,7,339.34,4.98
2231,235,308,5,2244.44,37.46
2232,329,321,6,362.81,56.54
2233,1370,543,2,988.92,52.42
2234,1250,190,6,1231.11,19.18
2235,123,210,3,1186.59,37.38
2236,537,475,3,753.96,49.35
2237,743,248,3,1845.88,59.48
2238,20,178,7,587.71,47.66
2239,46,257,2,2057.74,21.7
2240,1352,169,1,1769.97,49.04
2241,1245,259,4,2261.07,24.4
2242,177,90,4,2000.79,43.79
2243,478,269,8,176.3,46.03
2244,1277,443,7,1369.43,29.61
2245,595,132,1,1934.31,52.97
2246,1450,209,1,235.21,18.32
2247,71,167,1,1392.36,42.68
2248,1185,389,6,398.67,34.34
2249,1385,37,4,484.52,33.7
2250,1426,212,4,1902.14,37.56
2251,1002,56,2,2278.65,51.5
2252,446,95,8,729.95,52.01
2253,230,245,1,1909.79,16.35
2254,540,377,2,643.97,46.2
2255,707,60,6,1879.07,42.45
2256,1338,471,7,1890.98,23.66
2257,402,510,2,236.59,40.31
2258,113,324,8,2441.5,57.25
2259,1175,389,7,1000.35,0.82
2260,1217,288,7,996.05,51.68
2261,281,254,1,1235.41,19.1
2262,19,28,2,689.5,25.25
2263,512,187,1,1998.71,53.37
2264,1006,301,4,1559.51,14.6
2265,687,6,3,1313.87,54.8
2266,1419,145,6,1858.02,59.94
2267,231,217,7,1955.4,55.16
2268,1064,170,8,1358.94,32.87
2269,1002,201,4,367.7,1.02
2270,529,242,5,1036.17,16.41
2271,883,492,7,581.07,7.82
2272,820,234,3,1439.84,2.24
2273,533,367,0,263.08,16.16
2274,163,379,5,1779.79,53.5
2275,149,425,5,969.84,11.89
2276,769,78,7,1872.55,19.97
2277,696,277,5,442.75,58.19
2278,778,519,4,1252.08,16.02
2279,56,204,5,1581.55,59.51
2280,1161,363,1,27.12,51.07
2281,190,424,8,1939.71,58.12
2282,771,483,2,1630.82,45.96
2283,426,400,6,1647.01,56.54
2284,666,462,-5,488.23,42.97
2285,1175,88,6,87.7,11.34
2286,1420,266,1,605.17,37.7
2287,1151,279,8,2033.32,41.46
2288,354,499,6,2191.3,48.68
2289,1217,364,7,1072.23,8.29
2290,174,488,6,2112.63,20.57
2291,1026,8,2,1622.66,16.25
2292,945,292,3,589.42,48.97
2293,1458,218,7,699.85,36.36
2294,1472,94,1,137.29,27.91
2295,212,129,6,1123.94,44.26
2296,491,42,5,1400.8,55.26
2297,591,178,4,786.88,8.99
2298,1110,207,8,1783.79,39.51
2299,1176,128,3,1039.32,16.44
2300,935,484,3,2209.41,3.88
2301,1075,480,5,187.1,0.12
2302,1491,124,2,755.24,15.27
2303,1460,84,4,155.57,21.79
2304,622,177,8,536.15,46.18
2305,1058,345,8,2499.97,58.23
2306,1146,508,2,1583.14,10.35
2307,195,161,1,1378.75,9.96
2308,990,62,7,1821.39,25.82
2309,1473,209,6,1151.14,24.15
2310,1370,543,1,2073.63,59.58
2311,968,10,1,1120.31,29.25
2312,125,541,7,2298.03,26.08
2313,1188,231,1,1428.74,30.89
2314,560,517,7,1231.81,26.42
2315,839,181,8,1997.12,16.14
2316,697,405,8,990.94,5.39
2317,1225,523,5,1248.54,0.21
2318,83,199,3,157.22,10.77
2319,1253,232,7,1659.94,20.72
2320,761,454,1,2497.74,46.52
2321,529,41,2,1084.54,38.84
2322,557,477,2,317.24,12.01
2323,1297,26,4,1001.6,24.49
2324,428,199,4,2482.31,31.97
2325,727,410,4,1166.06,49.97
2326,449,510,4,259.51,13.77
2327,966,55,-5,783.92,15.06
2328,70,210,4,481.76,11.8
2329,254,527,7,1588.37,7.67
2330,1323,499,1,677.11,6.06
2331,1073,381,2,1196.41,39.52
2332,1107,17,7,743.0,21.39
2333,620,148,4,1161.6,26.1
2334,62,331,8,499.56,58.1
2335,878,535,5,1815.94,59.52
2336,438,39,8,2284.69,31.07
2337,446,217,4,416.63,22.45
2338,1192,431,2,1703.93,7.67
2339,24,406,7,1596.55,24.2
2340,938,229,8,238.58,34.09
2341,1390,545,6,1811.78,43.84
2342,474,541,8,955.93,19.52
2343,1160,411,5,518.72,24.88
2344,1222,264,5,23.02,20.87
2345,586,425,6,499.97,30.81
2346,445,33,2,44.17,48.4
2347,958,209,3,880.56,47.68
2348,420,191,5,2295.72,33.86
2349,1226,67,2,1452.75,0.62
2350,1124,532,1,1870.74,51.53
2351,316,424,8,1935.01,34.26
2352,1415,203,6,1577.1,29.06
2353,883,60,1,1500.68,55.11
2354,600,375,1,717.48,48.88
2355,1466,279,5,641.08,12.8
2356,479,452,6,331.27,1.8
2357,680,399,2,1385.05,47.93
2358,621,461,4,2441.78,48.92
2359,727,45,6,1549.33,23.7
2360,663,60,7,704.64,57.14
2361,339,272,4,899.03,35.69
2362,363,115,6,975.25,30.26
2363,131,6,6,2170.11,17.44
2364,875,1,1,533.78,26.48
2365,942,441,2,1067.94,6.95
2366,693,46,7,1748.39,33.07
2367,838,515,1,110.8,7.36
2368,1068,227,7,1788.05,0.08
2369,458,528,1,422.54,51.28
2370,396,532,-1,176.11,48.64
2371,954,97,6,1399.55,54.86
2372,186,303,2,478.28,47.06
2373,766,38,2,1681.25,35.59
2374,1181,422,7,1988.41,28.98
2375,1099,12,3,1495.63,9.78
2376,1144,375,-1,1502.41,57.77
2377,451,213,4,702.22,57.7
2378,87,272,4,1197.61,56.14
2379,965,508,7,390.48,32.45
2380,796,410,3,2263.26,44.44
2381,1477,34,7,1481.81,56.59
2382,880,326,2,299.11,49.89
2383,130,84,3,2159.38,46.79
2384,1392,227,6,1461.37,46.14
2385,1190,139,4,291.98,39.76
2386,1229,441,2,2115.32,42.23
2387,1297,111,1,2417.38,20.63
2388,183,67,4,1982.55,7.35
2389,562,106,1,636.67,48.44
2390,88,78,2,645.35,33.11
2391,484,280,5,1417.27,49.21
2392,24,341,1,1037.86,56.68
2393,538,349,4,1712.22,54.87
2394,714,42,5,200.04,37.12
2395,33,298,8,2269.71,50.88
2396,1382,547,7,1514.03,48.39
2397,400,46,5,1240.95,37.8
2398,253,481,7,2225.89,54.4
2399,276,397,7,216.58,23.22
2400,1473,409,5,1493.93,48.47
2401,820,423,7,927.1,29.86
2402,1006,303,6,2055.54,7.93
2403,178,152,4,853.81,44.57
2404,70,1,5,1502.51,27.16
2405,222,371,3,25.6,43.93
2406,467,339,2,1290.01,24.82
2407,675,236,3,321.55,7.41
2408,1239,88,5,2291.46,13.57
2409,224,284,2,706.19,54.2
2410,995,525,4,1703.88,52.56
2411,987,155,3,246.19,55.83
2412,302,234,2,1258.11,57.61
2413,1395,393,7,862.79,46.34
2414,892,223,8,1131.89,56.65
2415,711,131,5,1258.16,8.62
2416,1012,153,3,325.01,19.62
2417,139,478,3,1386.08,59.09
2418,516,345,3,1279.41,0.43
2419,537,452,7,1772.94,32.42
2420,1015,307,8,202.18,3.34
2421,968,321,4,1793.37,21.59
2422,389,106,3,993.35,39.29
2423,985,303,5,1976.93,0.23
2424,250,16,5,891.9,52.04
2425,783,314,5,2329.28,35.71
2426,1255,491,6,570.82,53.23
2427,1190,462,8,76.08,2.74
2428,422,310,8,913.92,42.06
2429,1130,424,2,2095.48,24.21
2430,1456,134,3,1250.36,27.38
2431,450,528,1,2381.68,7.05
2432,343,191,5,1394.09,26.34
2433,594,462,5,1830.93,52.67
2434,1076,224,5,1152.28,29.78
2435,14,471,-4,965.56,58.92
2436,724,412,-4,947.17,9.72
2437,1126,159,3,306.7,12.75
2438,1032,426,8,1391.21,26.42
2439,874,268,4,497.92,17.96
2440,738,442,1,2250.83,58.0
2441,67,280,2,458.35,54.85
2442,422,349,2,285.6,18.56
2443,887,360,3,300.29,44.96
2444,958,91,5,1399.98,13.53
2445,771,259,2,1724.8,34.76
2446,741,382,2,1558.55,45.28
2447,214,214,7,844.45,29.33
2448,945,438,6,1422.05,33.54
2449,148,214,8,645.81,35.09
2450,451,25,5,451.99,51.3
2451,394,206,8,2124.56,51.95
2452,2771,97,2,839.11,0.01
2453,580,188,5,1250.98,4.48
2454,1199,14,7,247.64,46.64
2455,513,472,2,859.85,13.45
2456,1355,28,7,1157.17,27.13
2457,75,404,4,1147.88,13.42
2458,356,59,8,2452.38,54.67
2459,1271,481,6,907.97,37.08
2460,322,501,6,774.09,50.01
2461,956,512,7,16.48,25.44
2462,697,417,7,1887.04,45.37
2463,703,486,7,2465.84,49.8
2464,1211,301,4,2482.18,16.29
2465,1017,53,8,992.06,25.46
2466,719,404,6,1298.02,23.23
2467,1268,266,8,1862.73,50.52
2468,489,282,6,1621.2,7.78
2469,49,374,1,1400.1,49.9
2470,1074,408,5,835.25,26.46
2471,716,287,8,1314.82,31.93
2472,407,547,4,470.39,14.86
2473,1231,389,1,1743.09,46.85
2474,973,227,5,222.97,144.12
2475,448,181,1,788.99,44.29
2476,290,418,8,1580.94,12.13
2477,597,405,5,1730.68,57.24
2478,808,443,3,2259.06,47.03
2479,1269,486,3,1957.49,45.47
2480,581,72,3,1572.57,28.98
2481,1093,113,2,982.39,15.74
2482,946,488,4,2489.63,1.3
2483,179,270,8,2156.22,42.35
2484,969,541,1,2364.86,40.12
2485,1314,188,8,77.34,31.67
2486,685,444,2,1593.09,32.51
2487,246,164,7,2306.49,34.2
2488,261,193,5,2400.08,44.19
2489,425,255,8,27.41,30.3
2490,24,502,7,2113.33,53.19
2491,876,274,8,1321.64,40.84
2492,618,452,4,2014.8,31.05
2493,720,474,6,1651.54,0.43
2494,597,269,1,1537.78,52.01
2495,1135,519,7,2009.95,44.36
2496,170,439,5,2370.67,53.33
2497,1129,324,1,503.76,37.54
2498,945,381,6,390.52,46.87
2499,255,371,1,2247.84,35.89
2500,1275,412,3,2276.08,57.86
2501,723,272,1,1103.22,7.04
2502,724,282,3,1708.13,9.8
2503,241,150,6,541.43,55.28
2504,9,23,3,1750.96,41.57
2505,788,530,5,1323.22,41.59
2506,1161,244,6,746.82,26.9
2507,1058,368,8,2213.02,31.53
2508,308,278,6,595.57,22.48
2509,174,549,4,1912.9,26.2
2510,563,135,2,1263.59,21.74
2511,1325,479,2,844.68,2.46
2512,110,526,6,2113.19,30.11
2513,794,106,5,1283.68,44.37
2514,1461,334,3,1637.75,42.71
2515,85,244,7,1491.17,47.03
2516,1232,216,2,2147.71,42.71
2517,1360,157,5,1120.34,37.66
2518,1010,279,6,713.26,7.57
2519,1054,459,4,1208.91,2.31
2520,1011,64,6,1501.61,49.93
2521,1166,427,2,1093.76,40.66
2522,699,432,3,828.08,20.61
2523,62,173,5,1562.04,22.54
2524,254,159,8,373.08,21.63
2525,129,290,4,694.38,55.73
2526,102,58,6,1391.43,21.19
2527,1275,345,7,2004.54,25.44
2528,1144,220,8,1749.89,24.88
2529,1043,56,6,1897.78,48.21
2530,1189,94,-4,1899.04,12.06
2531,971,91,8,1400.09,5.61
2532,1471,468,7,2218.48,36.96
2533,497,71,6,1617.34,5.28
2534,755,381,2,236.62,12.28
2535,90,166,4,1716.5,42.46
2536,1169,444,3,2274.57,53.37
2537,1113,459,2,1401.2,31.69
2538,581,461,7,1933.45,14.91
2539,560,139,5,1283.7,17.64
2540,829,446,7,770.85,15.46
2541,1328,199,8,1500.18,14.38
2542,1217,336,8,1111.85,16.36
2543,1161,173,2,768.36,23.04
2544,1249,223,6,627.06,19.82
2545,896,414,5,30.54,22.73
2546,1195,12,7,674.33,23.32
2547,857,532,3,2100.26,47.44
2548,4490,140,3,468.42,28.06
2549,472,498,1,2453.21,3.86
2550,1055,424,6,1241.95,55.69
2551,676,336,6,1691.07,23.96
2552,1365,381,7,1406.25,144.45
2553,691,69,7,1594.82,25.46
2554,1309,262,7,2289.14,2.19
2555,842,110,4,2207.61,10.65
2556,126,299,7,1110.48,5.99
2557,756,141,2,1431.26,40.24
2558,1347,23,2,592.4,51.13
2559,655,51,4,2281.54,42.57
2560,1026,488,4,469.49,35.46
2561,1468,49,4,1372.18,102.99
2562,8594,518,8,112.83,7.61
2563,167,542,5,1453.05,21.71
2564,1226,22,1,1759.71,37.23
2565,196,116,4,116.64,0.37
2566,992,491,6,313.14,4.61
2567,1220,157,2,1006.63,17.25
2568,412,471,4,2416.23,17.01
2569,170,130,2,453.14,21.08
2570,89,180,7,2420.21,1.33
2571,299,257,3,1055.36,53.65
2572,1382,248,1,364.21,6.76
2573,16,365,7,1376.9,34.74
2574,654,474,3,212.66,50.96
2575,930,208,6,1999.6,48.21
2576,1426,237,-3,685.25,34.97
2577,655,84,8,2045.16,34.9
2578,386,149,4,85.01,23.76
2579,543,423,6,1849.34,8.56
2580,71,312,2,810.87,30.27
2581,648,101,5,981.42,14.87
2582,854,208,0,1207.57,41.99
2583,397,477,5,303.2,15.81
2584,924,460,2,1966.79,58.0
2585,553,452,6,1760.89,10.18
2586,1393,230,8,235.87,50.81
2587,767,390,8,940.56,5.66
2588,485,245,1,1715.65,53.55
2589,1208,86,4,622.14,29.29
2590,434,385,5,1808.09,21.02
2591,1470,304,3,2447.9,12.16
2592,755,479,-4,2131.97,51.9
2593,14,268,8,1347.27,25.52
2594,1337,187,3,1029.62,58.69
2595,1294,393,2,307.6,51.64
2596,41,121,-5,2215.95,26.16
2597,7,70,1,2037.38,28.04
2598,101,202,7,1668.6,20.68
2599,1369,537,8,1963.31,40.26
2600,951,138,2,267.43,38.85
2601,1229,411,8,1126.75,57.71
2602,742,400,2,2476.27,8.96
2603,726,124,4,2139.43,34.14
2604,1358,471,3,882.51,21.42
2605,870,479,7,1599.21,32.48
2606,1129,134,8,659.04,58.82
2607,1023,462,6,1638.24,32.22
2608,764,396,2,447.72,2.17
2609,165,205,5,1067.34,8.92
2610,1006,115,4,530.99,2.25
2611,1285,79,4,103.82,31.82
2612,1056,489,6,448.95,3.2
2613,1226,284,5,1202.74,11.18
2614,323,413,4,729.51,27.12
2615,1169,170,4,211.35,30.64
2616,688,9,5,1715.72,26.36
2617,1320,57,8,1813.3,33.75
2618,940,308,5,533.15,12.38
2619,508,515,6,1239.91,35.26
2620,941,162,1,1834.02,35.49
2621,765,462,3,2205.74,11.97
2622,206,417,8,2441.32,32.23
2623,665,17,4,1936.16,54.95
2624,545,109,1,753.11,46.77
2625,1215,486,5,2104.53,55.25
2626,3,110,7,1530.18,38.49
2627,439,160,4,927.43,19.26
2628,1083,315,2,256.36,29.97
2629,387,307,2,2177.27,17.18
2630,1408,166,6,2271.94,59.35
2631,7,183,6,1774.08,37.38
2632,1425,174,5,14.9,5.0
2633,911,253,7,960.65,57.1
2634,1279,349,1,1803.25,3.04
2635,512,539,8,1447.33,6.5
2636,389,346,2,1851.83,109.35
2637,597,110,7,1288.92,20.25
2638,519,88,6,678.18,40.45
2639,891,402,3,1297.13,35.84
2640,138,337,6,1382.05,36.76
2641,1366,383,1,1761.21,48.18
2642,1214,183,2,1609.6,16.99
2643,1169,277,5,22.07,48.93
2644,742,407,2,714.85,19.29
2645,12,124,1,274.64,2.58
2646,106,519,7,1547.59,57.62
2647,801,413,2,1729.12,11.2
2648,1229,128,6,2373.81,54.79
2649,640,280,6,482.51,6.82
2650,1341,27,1,1295.87,13.06
2651,736,413,3,2218.59,10.98
2652,514,13,5,989.37,28.6
2653,168,249,3,786.27,58.05
2654,519,163,1,2034.79,1.78
2655,276,203,8,1601.28,25.6
2656,810,482,8,1219.55,2.38
2657,1332,347,1,56.06,41.94
2658,759,75,-5,1788.14,55.03
2659,581,474,5,461.2,53.12
2660,895,545,3,1216.06,45.15
2661,1454,240,3,552.73,48.3
2662,347,524,4,2425.76,46.62
2663,941,437,1,689.12,13.93
2664,936,237,6,1449.14,4.84
2665,874,192,6,627.37,43.19
2666,709,8,1,1241.57,43.39
2667,1130,305,7,498.56,22.67
2668,853,425,1,2030.61,21.5
2669,1252,264,5,1871.89,22.25
2670,682,345,4,1771.42,36.74
2671,719,302,6,278.79,55.43
2672,204,27,6,272.6,51.63
2673,879,235,1,2357.24,1.83
2674,133,504,3,355.96,25.19
2675,1438,499,8,2171.6,59.58
2676,407,177,2,354.12,3.79
2677,1078,236,8,1855.6,19.21
2678,285,123,6,2370.24,45.45
2679,1020,223,4,600.32,53.86
2680,1096,516,1,2041.95,20.06
2681,1191,266,4,2036.03,30.57
2682,39,250,6,1789.58,55.06
2683,265,70,5,64.22,2.73
2684,1061,269,8,1334.73,37.94
2685,377,66,8,2155.39,12.58
2686,263,22,8,643.25,18.41
2687,266,107,1,2012.95,23.71
2688,135,13,2,589.86,57.6
2689,933,311,3,1713.16,13.92
2690,732,434,8,330.54,22.67
2691,158,536,8,1789.71,49.39
2692,1006,434,6,2162.6,28.82
2693,1345,79,2,1334.91,36.88
2694,1318,165,4,101.89,35.22
2695,654,350,2,1614.78,49.7
2696,458,288,1,1249.08,39.44
2697,639,42,2,872.85,19.14
2698,679,198,6,599.87,8.41
2699,741,286,4,1460.91,40.46
2700,648,258,6,2119.36,0.51
2701,112,480,6,497.06,16.75
2702,113,355,6,1890.63,16.02
2703,74,461,7,1142.8,30.2
2704,1077,169,3,2437.51,45.74
2705,65,40,1,2314.29,45.37
2706,636,507,2,1956.82,6.34
2707,909,376,1,2231.8,56.56
2708,48,319,2,1306.93,16.41
2709,888,130,8,152.94,32.92
2710,963,85,2,1257.69,0.83
2711,497,161,5,1650.74,45.28
2712,950,251,7,1932.83,36.81
2713,989,263,1,1888.13,3.42
2714,467,526,8,1562.7,30.01
2715,1209,147,3,712.66,51.3
2716,249,108,1,237.65,58.66
2717,502,140,6,1724.9,5.81
2718,256,171,8,146.89,14.52
2719,943,278,6,2221.31,28.14
2720,59,339,2,2188.97,12.33
2721,150,345,2,1481.72,1.62
2722,282,29,4,1843.83,12.23
2723,68,370,5,665.62,25.43
2724,897,251,4,1403.54,18.96
2725,870,123,6,1671.85,42.93
2726,638,277,2,1337.18,19.77
2727,430,450,6,1340.61,31.8
2728,1475,378,5,2418.88,11.49
2729,400,356,6,1280.38,56.94
2730,1288,342,1,843.48,29.75
2731,94,510,8,2021.7,47.3
2732,604,135,8,1233.39,17.12
2733,561,400,1,768.77,3.17
2734,891,9,3,978.49,7.55
2735,1376,469,4,1244.61,47.11
2736,1152,361,7,56.64,7.28
2737,521,25,5,2025.52,11.89
2738,892,45,4,357.63,15.17
2739,64,451,3,904.62,47.64
2740,1448,489,7,1935.76,22.3
2741,1330,237,5,620.08,30.51
2742,1088,265,8,1394.24,41.14
2743,498,438,5,1426.92,20.17
2744,628,363,8,1833.95,10.4
2745,1486,198,5,1704.23,48.06
2746,900,110,3,2329.78,1.42
2747,437,214,3,1192.11,24.52
2748,555,32,1,699.02,20.18
2749,751,102,4,1264.08,57.89
2750,718,7,3,1332.08,2.27
2751,1331,299,6,428.42,31.55
2752,1471,139,7,1228.47,10.95
2753,1280,216,4,2050.7,27.41
2754,1498,137,4,1521.74,34.71
2755,164,353,7,8.53,9.91
2756,528,199,7,2391.25,47.24
2757,704,222,6,1193.62,1.58
2758,372,5,2,1392.5,39.92
2759,1164,371,4,1170.35,54.27
2760,216,134,5,2353.65,31.03
2761,106,164,6,1518.31,41.8
2762,1077,153,1,1520.7,10.37
2763,1149,490,2,1308.5,58.53
2764,712,185,6,1427.74,7.88
2765,430,78,8,2365.46,21.65
2766,1272,31,1,1986.94,53.16
2767,580,69,5,308.8,1.44
2768,909,526,6,1291.61,19.47
2769,1399,347,0,850.25,18.22
2770,89,304,3,2253.64,37.32
2771,1387,403,7,2388.81,54.68
2772,590,138,4,1630.0,39.73
2773,95,266,8,2192.47,11.6
2774,606,207,2,1067.23,56.85
2775,774,460,7,1411.28,51.89
2776,1427,369,2,2394.55,23.72
2777,895,469,5,2374.3,37.49
2778,1338,461,4,1139.01,58.02
2779,571,218,5,894.15,31.29
2780,302,265,8,1368.72,0.16
2781,81,495,6,175.34,26.82
2782,807,183,3,1893.34,46.41
2783,452,163,6,1941.9,21.85
2784,991,190,4,17.12,20.48
2785,1352,519,2,921.69,18.3
2786,698,398,0,1351.43,0.05
2787,684,503,1,1745.97,12.13
2788,551,75,7,849.25,35.3
2789,662,445,8,2165.03,48.98
2790,57,511,1,1249.31,5.96
2791,570,246,1,1960.92,4.76
2792,1353,500,5,496.45,4.95
2793,1492,391,8,1094.47,54.39
2794,979,502,6,641.14,30.1
2795,879,125,8,772.48,29.34
2796,741,240,8,436.94,15.49
2797,1172,177,4,1785.82,35.11
2798,1074,164,1,40.67,7.38
2799,284,7,5,2307.87,27.2
2800,990,73,5,280.61,38.99
2801,778,400,-3,1047.14,13.84
2802,174,102,5,929.6,29.49
2803,1367,461,6,2041.97,23.09
2804,516,493,6,318.68,44.24
2805,701,144,6,2316.8,21.83
2806,589,532,8,2490.19,17.95
2807,565,146,6,1732.39,36.44
2808,1219,550,7,1963.88,3.7
2809,981,144,7,509.41,9.73
2810,180,264,4,2499.56,14.34
2811,41,81,5,1673.12,15.1
2812,1090,332,6,337.91,9.21
2813,805,107,7,1523.49,20.79
2814,1449,536,8,2394.33,11.98
2815,1028,468,4,823.81,57.31
2816,1265,443,4,2020.67,48.34
2817,728,448,3,820.92,54.24
2818,1419,126,2,1938.41,25.93
2819,541,435,8,1055.16,35.51
2820,806,550,6,2092.09,35.39
2821,392,445,1,230.69,7.87
2822,1013,79,6,2140.87,51.83
2823,19,193,3,256.64,46.55
2824,749,78,6,1828.87,49.58
2825,1481,278,1,239.16,24.48
2826,1295,242,6,95.99,11.32
2827,270,393,2,2386.25,3.22
2828,1013,322,5,168.54,9.58
2829,290,290,6,127.93,0.87
2830,1230,218,3,1291.15,38.38
2831,1158,477,-3,678.23,47.26
2832,177,25,8,245.0,14.14
2833,673,248,8,1189.41,29.37
2834,727,352,8,322.55,56.82
2835,692,329,5,1173.04,54.55
2836,833,439,4,1452.34,34.63
2837,262,273,3,2404.49,56.02
2838,202,213,4,1593.29,26.2
2839,968,339,8,1185.52,53.07
2840,1158,72,1,556.51,41.32
2841,225,152,4,1420.56,18.9
2842,1368,90,2,1975.48,56.42
2843,383,182,7,2141.66,19.51
2844,182,47,-3,2086.23,15.07
2845,442,402,3,1873.13,47.66
2846,1205,96,1,1580.69,9.01
2847,905,408,3,1157.23,37.63
2848,914,328,4,474.95,13.08
2849,30,45,7,533.21,20.53
2850,1497,435,8,2212.35,22.18
2851,847,124,5,2410.0,14.48
2852,562,432,5,2051.01,47.34
2853,1373,424,2,838.79,44.09
2854,682,124,6,2432.3,49.06
2855,1055,376,8,992.73,21.54
2856,1160,370,7,36.45,38.43
2857,469,225,3,1425.58,16.32
2858,525,144,3,2427.05,5.55
2859,544,347,6,2098.75,38.47
2860,471,497,2,715.43,18.41
2861,118,190,2,555.59,10.74
2862,1146,147,4,907.45,18.68
2863,1375,195,6,87.18,40.42
2864,626,404,1,1154.86,38.78
2865,1212,337,8,1348.55,59.92
2866,603,511,1,130.49,30.35
2867,637,311,7,1520.88,13.32
2868,1402,5,5,529.85,9.53
2869,1398,365,6,841.8,47.23
2870,875,170,7,953.91,8.78
2871,293,336,8,616.39,43.07
2872,846,170,5,1171.47,40.32
2873,494,260,7,1043.39,21.21
2874,611,396,7,2175.87,30.13
2875,1125,396,8,2356.9,10.16
2876,514,261,6,213.04,37.29
2877,664,428,5,686.32,58.5
2878,467,241,1,307.66,11.44
2879,961,431,4,1237.43,58.17
2880,508,3,3,404.06,4.61
2881,441,99,1,19.73,34.8
2882,746,156,4,2035.15,45.59
2883,445,69,0,1385.52,29.1
2884,376,251,7,1212.35,6.74
2885,1275,357,4,248.72,29.16
2886,656,409,1,24.47,6.31
2887,1192,82,6,2108.02,49.25
2888,357,302,5,2478.01,30.62
2889,986,117,5,1798.36,37.13
2890,233,477,8,31.93,31.98
2891,382,34,4,1643.69,31.18
2892,1117,207,2,450.91,6.8
2893,1365,13,-5,2176.73,15.92
2894,156,240,6,471.32,9.61
2895,303,44,2,251.33,20.78
2896,595,170,4,422.83,40.78
2897,208,86,2,2009.0,28.1
2898,1100,422,1,452.9,11.33
2899,814,263,4,1950.39,2.45
2900,1175,307,6,525.75,16.97
2901,1380,13,5,1949.37,20.56
2902,917,331,0,652.35,32.86
2903,846,502,8,1263.0,36.6
2904,102,8,1,1627.78,39.59
2905,83,348,6,1796.13,29.85
2906,335,453,8,609.72,32.91
2907,1157,27,4,330.44,5.4
2908,323,65,7,2239.0,32.05
2909,150,41,1,1006.07,40.46
2910,1307,280,2,1798.94,40.1
2911,557,361,7,2281.34,57.13
2912,1292,92,5,2074.5,39.61
2913,52,316,2,2350.38,39.46
2914,247,64,5,2053.26,24.41
2915,1424,412,2,1463.26,16.08
2916,818,30,3,1976.42,18.39
2917,154,495,1,326.7,12.34
2918,9,258,4,766.81,9.73
2919,943,140,3,153.0,38.17
2920,1320,187,8,1960.68,30.12
2921,358,470,4,541.33,42.04
2922,1402,17,1,2236.23,34.52
2923,822,434,5,1915.65,17.16
2924,278,466,6,1808.48,40.62
2925,269,246,7,1655.48,47.34
2926,319,485,4,2076.94,53.7
2927,800,162,7,490.11,3.55
2928,537,137,4,642.29,20.6
2929,852,217,7,458.96,21.87
2930,66,291,2,1851.79,56.6
2931,417,278,2,198.35,15.91
2932,1180,272,8,1605.65,48.78
2933,1294,545,5,949.52,53.95
2934,153,166,7,686.41,36.63
2935,516,397,8,437.96,12.26
2936,440,541,2,903.53,3.67
2937,648,123,2,1993.36,16.68
2938,1165,182,1,852.31,53.32
2939,352,267,2,69.15,8.42
2940,829,308,8,1340.01,58.71
2941,345,316,2,2302.69,0.79
2942,862,399,7,609.65,18.57
2943,210,151,8,1496.31,2.22
2944,693,10,5,1097.24,0.54
2945,221,169,4,208.08,54.59
2946,108,192,7,1974.06,30.69
2947,465,137,7,2221.97,42.12
2948,1123,303,8,1548.1,37.07
2949,1304,464,1,2328.93,17.16
2950,570,277,8,560.98,14.8
2951,1093,434,6,428.29,50.58
2952,1227,280,8,1745.34,45.21
2953,1004,516,6,789.41,28.15
2954,1231,548,8,1089.2,43.19
2955,205,42,5,1825.76,18.99
2956,575,236,6,2432.85,1.52
2957,274,544,7,1549.34,25.53
2958,31,430,8,2268.47,54.41
2959,669,84,2,1253.52,9.91
2960,3620,389,2,1318.36,7.84
2961,569,354,6,2456.76,14.05
2962,831,383,5,1604.07,27.19
2963,1495,339,7,2303.26,46.41
2964,661,470,5,1402.53,43.6
2965,1490,159,6,2345.84,49.77
2966,859,469,1,210.32,19.48
2967,348,162,3,1554.81,45.65
2968,877,336,7,1243.4,35.09
2969,1155,55,6,676.67,3.53
2970,538,92,3,710.76,44.39
2971,963,328,6,177.63,40.54
2972,1246,494,3,1539.49,18.74
2973,1481,445,1,1280.25,23.87
2974,504,210,2,1320.39,29.76
2975,920,148,6,2491.52,11.32
2976,448,520,2,1205.0,48.32
2977,99,252,4,157.58,17.51
2978,178,542,7,140.28,0.95
2979,1239,204,1,1829.25,4.01
2980,1189,247,7,1249.18,27.83
2981,492,427,7,781.32,19.85
2982,120,214,2,1535.38,41.75
2983,414,367,2,2254.85,37.46
2984,1176,323,1,1345.7,8.12
2985,1416,256,2,518.41,59.0
2986,638,533,1,1163.95,15.02
2987,886,142,7,1102.84,19.19
2988,253,305,7,397.18,54.27
2989,861,293,5,1653.95,52.73
2990,1186,465,5,138.93,49.5
2991,346,354,4,1852.61,21.67
2992,1270,212,3,938.73,15.87
2993,1146,87,5,2076.23,4.95
2994,1390,342,5,787.35,39.41
2995,601,306,3,599.45,1.81
2996,149,380,7,1241.31,15.34
2997,20,71,8,1499.8,2.7
2998,1403,309,4,1061.68,38.5
2999,704,46,1,147.95,39.96
3000,946,496,8,607.08,25.4
