product_id,product_name,category,subcategory,cost_price
1,Dream Kid,Clothing,Kids,1916.66
2,SMALL WOMEN,Clothing,Women,515.66
3,Read Winterwear,Clothing,Winterwear,1519.51
4,Time Laptop,Electronics,Laptops,1257.76
5,Play Children,Books,Children,900.57
6,Without Decor,Home,Decor,141.23
7,Activity Academic,Books,Academic,1184.88
8,PROTECT STORAGE,Home,Storage,926.18
9,Star Mobile,Electronics,Mobiles,577.72
10,Project Audio,Electronics,Audio,772.04
11,Idea Camera,Electronics,Cameras,1145.46
12,Arm Kid,Clothing,Kids,1005.23
13,FOCUS CAMERA,Electronics,Cameras,1798.76
14,Need Kitchen,Home,Kitchen,349.26
15,Analysis Footwear,Clothing,Footwear,1050.52
16,From Kid,Clothing,Kids,569.37
17,Notice Academic,Books,Academic,109.47
18,Other Kitchen,Home,Kitchen,1118.14
19,Citizen Academic,Books,Academic,1703.87
20,GENERAL KID,Clothing,Kids,1328.91
21,Morning Decor,Home,Decor,1398.47
22,Save Non-Fiction,Books,Non-Fiction,1876.31
23,Do Storage,Home,Storage,1584.37
24,CLAIM WINTERWEAR,Clothing,Winterwear,1342.56
25,Apply Kitchen,Home,Kitchen,364.62
26,Report Kid,Clothing,Kids,975.11
27,Sign Women,Clothing,Women,595.11
28,Increase Audio,Electronics,Audio,1671.06
29,Like Accessorie,Electronics,Accessories,1237.97
30,Soldier Non-Fiction,Books,Non-Fiction,1663.53
31,  Physical Footwear  ,Clothing,Footwear,731.78
32,Parent Footwear,Clothing,Footwear,1506.02
33,Mother Non-Fiction,Books,Non-Fiction,622.39
34,Believe Non-Fiction,Books,Non-Fiction,1894.52
35,Doctor Comic,Books,Comics,1557.36
36,Lay Non-Fiction,Books,Non-Fiction,1603.51
37,  Figure Kid  ,Clothing,Kids,963.78
38,Stop Storage,Home,Storage,1424.24
39,INDEED ACCESSORIE,Electronics,Accessories,324.82
40,CHOOSE CHILDREN,Books,Children,877.76
41,Cause Footwear,Clothing,Footwear,1861.29
42,Great Fiction,Books,Fiction,751.05
43,Beautiful Fiction,Books,Fiction,61.23
44,Maybe Accessorie,Electronics,Accessories,279.51
45,Owner Bedding,Home,Bedding,281.89
46,Skill Comic,Books,Comics,1812.19
47,Appear Accessorie,Electronics,Accessories,303.29
48,Official Fiction,Books,Fiction,479.09
49,Inside Mobile,Electronics,Mobiles,1279.71
50,EVERYBODY FICTION,Books,Fiction,1810.77
51,Bed Audio,Electronics,Audio,1438.5
52,  Inside Bedding  ,Home,Bedding,708.87
53,More Non-Fiction,Books,Non-Fiction,175.8
54,Leader Kitchen,Home,Kitchen,1090.44
55,Staff Camera,Electronics,Cameras,91.85
56,Save Academic,Books,Academic,37.4
57,Case Accessorie,Electronics,Accessories,1315.92
58,Sound Audio,Electronics,Audio,668.37
59,Central Accessorie,Electronics,Accessories,1627.95
60,Medical Footwear,Clothing,Footwear,959.67
61,  Operation Women  ,Clothing,Women,1553.5
62,Decade Fiction,Books,Fiction,92.39
63,Method Men,Clothing,Men,623.6
64,Indicate Children,Books,Children,78.06
65,Reach Kid,Clothing,Kids,1562.78
66,OWNER DECOR,Home,Decor,739.2
67,Deal Comic,Books,Comics,776.36
68,Option Footwear,Clothing,Footwear,737.86
69,Power Kitchen,Home,Kitchen,162.46
70,Simply Winterwear,Clothing,Winterwear,209.68
71,Need Decor,Home,Decor,1207.23
72,Employee Non-Fiction,Books,Non-Fiction,706.34
73,Eight Accessorie,Electronics,Accessories,872.71
74,Away Mobile,Electronics,Mobiles,815.39
75,EXACTLY MEN,Clothing,Men,1217.11
76,STANDARD FICTION,Books,Fiction,475.81
77,Law Decor,Home,Decor,1136.65
78,Game Footwear,Clothing,Footwear,747.17
79,REVEAL AUDIO,Electronics,Audio,737.07
80,Window Decor,Home,Decor,231.33
81,Parent Footwear,Clothing,Footwear,1827.52
82,Behind Accessorie,Electronics,Accessories,1409.56
83,Budget Winterwear,Clothing,Winterwear,1833.38
84,REMAIN NON-FICTION,Books,Non-Fiction,1706.39
85,Job Non-Fiction,Books,Non-Fiction,893.0
86,Land Accessorie,Electronics,Accessories,1420.53
87,History Decor,Home,Decor,1425.06
88,Happen Kid,Clothing,Kids,247.12
89,Cut Women,Clothing,Women,990.57
90,Full Storage,Home,Storage,937.47
91,Guy Winterwear,Clothing,Winterwear,136.17
92,Phone Comic,Books,Comics,1539.48
93,Reality Laptop,Electronics,Laptops,1286.47
94,Agent Comic,Books,Comics,692.31
95,Speech Women,Clothing,Women,1821.87
96,Focus Mobile,Electronics,Mobiles,611.73
97,Condition Kid,Clothing,Kids,454.81
98,Hard Kitchen,Home,Kitchen,1271.94
99,Practice Furniture,Home,Furniture,1230.78
100,Term Audio,Electronics,Audio,1185.66
101,Suggest Women,Clothing,Women,1442.66
102,  Letter Storage  ,Home,Storage,1728.24
103,Price Mobile,Electronics,Mobiles,1543.19
104,Child Furniture,Home,Furniture,836.09
105,Let Camera,Electronics,Cameras,1093.43
106,Another Bedding,Home,Bedding,1615.66
107,Window Academic,Books,Academic,1378.78
108,Television Footwear,Clothing,Footwear,931.56
109,EAST STORAGE,Home,Storage,1723.66
110,Decision Decor,Home,Decor,265.88
111,Reveal Storage,Home,Storage,641.64
112,Hour Fiction,Books,Fiction,499.6
113,Clearly Mobile,Electronics,Mobiles,771.38
114,Sometimes Non-Fiction,Books,Non-Fiction,1805.11
115,Should Storage,Home,Storage,383.72
116,Tonight Footwear,Clothing,Footwear,936.3
117,  Bed Bedding  ,Home,Bedding,1890.74
118,Budget Non-Fiction,Books,Non-Fiction,709.03
119,Sister Accessorie,Electronics,Accessories,1765.27
120,Arm Academic,Books,Academic,1695.11
121,Eight Non-Fiction,Books,Non-Fiction,1456.38
122,  Pressure Academic  ,Books,Academic,107.06
123,With Kid,Clothing,Kids,151.7
124,Choose Children,Books,Children,1978.24
125,Trouble Laptop,Electronics,Laptops,790.84
126,There Storage,Home,Storage,1511.16
127,Ten Winterwear,Clothing,Winterwear,1002.66
128,FIELD MOBILE,Electronics,Mobiles,669.42
129,Address Children,Books,Children,1214.49
130,Gun Kid,Clothing,Kids,640.47
131,Rule Children,Books,Children,601.97
132,Summer Storage,Home,Storage,1067.02
133,Bring Bedding,Home,Bedding,739.87
134,Focus Camera,Electronics,Cameras,1594.53
135,Listen Audio,Electronics,Audio,1934.31
136,Market Men,Clothing,Men,345.17
137,Agency Non-Fiction,Books,Non-Fiction,488.18
138,  Glass Laptop  ,Electronics,Laptops,630.82
139,Determine Footwear,Clothing,Footwear,823.7
140,Sister Fiction,Books,Fiction,1039.77
141,Note Bedding,Home,Bedding,630.94
142,Development Footwear,Clothing,Footwear,687.94
143,Democrat Decor,Home,Decor,388.57
144,Office Kid,Clothing,Kids,453.61
145,Necessary Decor,Home,Decor,1382.03
146,Social Academic,Books,Academic,1123.17
147,EVENING DECOR,Home,Decor,1354.86
148,Official Comic,Books,Comics,1909.44
149,  Meeting Kid  ,Clothing,Kids,1910.85
150,Prevent Accessorie,Electronics,Accessories,1313.66
151,Show Non-Fiction,Books,Non-Fiction,1079.46
152,CHANCE FURNITURE,Home,Furniture,1483.08
153,  Run Women  ,Clothing,Women,1810.84
154,  Say Women  ,Clothing,Women,829.54
155,Relate Fiction,Books,Fiction,279.25
156,Affect Footwear,Clothing,Footwear,1761.89
157,However Comic,Books,Comics,1513.04
158,Pass Decor,Home,Decor,123.03
159,Western Audio,Electronics,Audio,1478.68
160,Record Laptop,Electronics,Laptops,1676.02
161,New Camera,Electronics,Cameras,376.69
162,  Animal Kitchen  ,Home,Kitchen,1138.08
163,Especially Accessorie,Electronics,Accessories,1978.25
164,Conference Non-Fiction,Books,Non-Fiction,938.7
165,As Men,Clothing,Men,1463.58
166,  Federal Furniture  ,Home,Furniture,677.54
167,Deep Storage,Home,Storage,390.36
168,Strategy Comic,Books,Comics,178.04
169,Same Laptop,Electronics,Laptops,957.52
170,Prepare Men,Clothing,Men,474.86
171,Experience Decor,Home,Decor,1447.15
172,Argue Accessorie,Electronics,Accessories,1387.07
173,Make Mobile,Electronics,Mobiles,323.64
174,Real Kitchen,Home,Kitchen,1881.57
175,You Storage,Home,Storage,1914.93
176,Across Non-Fiction,Books,Non-Fiction,1977.73
177,Audience Bedding,Home,Bedding,1826.03
178,Important Women,Clothing,Women,1193.65
179,Recent Audio,Electronics,Audio,1409.01
180,EXPERIENCE AUDIO,Electronics,Audio,1658.4
181,Recognize Winterwear,Clothing,Winterwear,333.25
182,Together Fiction,Books,Fiction,1435.25
183,While Fiction,Books,Fiction,893.74
184,RECEIVE CAMERA,Electronics,Cameras,833.77
185,Here Audio,Electronics,Audio,1614.8
186,Treatment Camera,Electronics,Cameras,11.02
187,BOX WINTERWEAR,Clothing,Winterwear,850.28
188,After Audio,Electronics,Audio,1869.49
189,  Final Camera  ,Electronics,Cameras,820.69
190,Trip Footwear,Clothing,Footwear,1783.21
191,Use Comic,Books,Comics,1367.05
192,RANGE KID,Clothing,Kids,1985.73
193,IMAGINE CHILDREN,Books,Children,1957.56
194,During Mobile,Electronics,Mobiles,928.69
195,Husband Children,Books,Children,463.18
196,Movie Academic,Books,Academic,381.02
197,Security Mobile,Electronics,Mobiles,841.38
198,Bit Laptop,Electronics,Laptops,206.29
199,Well Camera,Electronics,Cameras,1408.06
200,Four Laptop,Electronics,Laptops,807.52
201,Memory Winterwear,Clothing,Winterwear,1728.14
202,Trial Laptop,Electronics,Laptops,582.08
203,Picture Storage,Home,Storage,1346.7
204,Night Furniture,Home,Furniture,290.8
205,Behavior Footwear,Clothing,Footwear,126.61
206,Cultural Footwear,Clothing,Footwear,98.53
207,Decide Bedding,Home,Bedding,640.88
208,MONTH COMIC,Books,Comics,756.04
209,Lot Non-Fiction,Books,Non-Fiction,604.97
210,Option Footwear,Clothing,Footwear,1126.96
211,With Children,Books,Children,779.9
212,Seem Furniture,Home,Furniture,162.75
213,AGE ACADEMIC,Books,Academic,1450.55
214,Among Men,Clothing,Men,1348.98
215,End Mobile,Electronics,Mobiles,1524.58
216,Win Footwear,Clothing,Footwear,1814.53
217,Next Kitchen,Home,Kitchen,384.1
218,Focus Camera,Electronics,Cameras,1392.77
219,Goal Footwear,Clothing,Footwear,1106.4
220,Might Bedding,Home,Bedding,1299.2
221,Increase Decor,Home,Decor,1766.21
222,Size Fiction,Books,Fiction,1446.22
223,Close Furniture,Home,Furniture,830.79
224,  Affect Women  ,Clothing,Women,1108.86
225,Hand Academic,Books,Academic,663.08
226,Return Children,Books,Children,1001.11
227,He Decor,Home,Decor,979.8
228,Hear Comic,Books,Comics,1590.98
229,Process Women,Clothing,Women,979.19
230,  Five Audio  ,Electronics,Audio,1694.16
231,Eat Mobile,Electronics,Mobiles,1685.88
232,More Men,Clothing,Men,23.24
233,  Fact Academic  ,Books,Academic,1277.27
234,  Task Comic  ,Books,Comics,1066.76
235,  Assume Fiction  ,Books,Fiction,1445.77
236,Process Kitchen,Home,Kitchen,1397.23
237,EVEN NON-FICTION,Books,Non-Fiction,197.15
238,Unit Women,Clothing,Women,1055.28
239,Impact Decor,Home,Decor,162.64
240,Voice Comic,Books,Comics,1980.51
241,Teacher Kid,Clothing,Kids,1696.49
242,All Mobile,Electronics,Mobiles,757.45
243,Yet Fiction,Books,Fiction,1407.18
244,One Camera,Electronics,Cameras,1291.59
245,Far Storage,Home,Storage,1947.81
246,Down Laptop,Electronics,Laptops,1736.89
247,  Civil Academic  ,Books,Academic,153.32
248,Growth Storage,Home,Storage,70.64
249,Watch Kitchen,Home,Kitchen,1176.14
250,Increase Fiction,Books,Fiction,1130.1
251,Realize Children,Books,Children,1512.44
252,Certain Men,Clothing,Men,1948.78
253,Begin Mobile,Electronics,Mobiles,1678.16
254,Show Storage,Home,Storage,1909.94
255,  Idea Academic  ,Books,Academic,550.29
256,Near Comic,Books,Comics,1108.31
257,Resource Comic,Books,Comics,1173.82
258,Position Fiction,Books,Fiction,594.28
259,TURN MEN,Clothing,Men,312.67
260,Process Footwear,Clothing,Footwear,217.57
261,Rich Accessorie,Electronics,Accessories,1523.89
262,DREAM LAPTOP,Electronics,Laptops,864.8
263,  Key Fiction  ,Books,Fiction,711.06
264,Effect Audio,Electronics,Audio,652.24
265,Page Fiction,Books,Fiction,778.66
266,Claim Audio,Electronics,Audio,1956.46
267,Last Footwear,Clothing,Footwear,541.49
268,FORGET BEDDING,Home,Bedding,338.58
269,Where Bedding,Home,Bedding,1566.42
270,Point Decor,Home,Decor,1443.19
271,Girl Children,Books,Children,918.43
272,  List Kid  ,Clothing,Kids,794.41
273,Occur Academic,Books,Academic,864.08
274,Catch Kid,Clothing,Kids,1894.82
275,Design Footwear,Clothing,Footwear,1929.33
276,Read Decor,Home,Decor,1267.64
277,Certainly Kid,Clothing,Kids,1633.91
278,PARTNER ACADEMIC,Books,Academic,1129.88
279,  Number Winterwear  ,Clothing,Winterwear,1455.79
280,Return Footwear,Clothing,Footwear,1663.41
281,Such Camera,Electronics,Cameras,282.66
282,Degree Furniture,Home,Furniture,312.52
283,TRAVEL COMIC,Books,Comics,1981.45
284,Certainly Children,Books,Children,1015.69
285,  For Children  ,Books,Children,1937.01
286,Risk Mobile,Electronics,Mobiles,1316.92
287,Season Furniture,Home,Furniture,93.37
288,Way Academic,Books,Academic,863.76
289,Need Mobile,Electronics,Mobiles,1023.8
290,Where Footwear,Clothing,Footwear,928.81
291,Central Kid,Clothing,Kids,968.13
292,Law Bedding,Home,Bedding,176.28
293,When Kid,Clothing,Kids,913.39
294,Speech Winterwear,Clothing,Winterwear,954.94
295,Check Comic,Books,Comics,604.03
296,Reality Mobile,Electronics,Mobiles,1297.7
297,Worker Women,Clothing,Women,1106.06
298,Other Storage,Home,Storage,926.8
299,Whose Non-Fiction,Books,Non-Fiction,1316.33
300,Coach Fiction,Books,Fiction,1766.78
301,Friend Children,Books,Children,13.88
302,Author Women,Clothing,Women,1409.0
303,ONTO AUDIO,Electronics,Audio,1744.6
304,No Kid,Clothing,Kids,917.81
305,Serve Bedding,Home,Bedding,1280.02
306,By Children,Books,Children,232.89
307,Create Bedding,Home,Bedding,1628.41
308,Friend Storage,Home,Storage,1345.86
309,Those Kitchen,Home,Kitchen,238.31
310,Until Furniture,Home,Furniture,839.39
311,Child Winterwear,Clothing,Winterwear,375.58
312,Short Winterwear,Clothing,Winterwear,581.23
313,All Kid,Clothing,Kids,1240.72
314,Southern Kitchen,Home,Kitchen,394.28
315,From Children,Books,Children,992.46
316,Up Comic,Books,Comics,890.48
317,Job Men,Clothing,Men,1592.78
318,  Its Kid  ,Clothing,Kids,453.56
319,Floor Furniture,Home,Furniture,1133.47
320,Level Children,Books,Children,1147.56
321,Skill Storage,Home,Storage,736.89
322,World Camera,Electronics,Cameras,1979.6
323,Term Laptop,Electronics,Laptops,1998.63
324,Wall Academic,Books,Academic,1634.37
325,Public Fiction,Books,Fiction,477.71
326,Worker Storage,Home,Storage,336.13
327,Single Women,Clothing,Women,1611.85
328,Eye Storage,Home,Storage,1079.84
329,Civil Decor,Home,Decor,538.35
330,Start Laptop,Electronics,Laptops,1572.45
331,Cup Accessorie,Electronics,Accessories,258.14
332,BOTH WOMEN,Clothing,Women,647.58
333,Catch Footwear,Clothing,Footwear,1156.96
334,Crime Bedding,Home,Bedding,155.65
335,Agree Camera,Electronics,Cameras,560.06
336,Sound Bedding,Home,Bedding,657.94
337,Population Mobile,Electronics,Mobiles,919.61
338,Practice Kitchen,Home,Kitchen,798.44
339,Example Non-Fiction,Books,Non-Fiction,649.12
340,Police Decor,Home,Decor,265.54
341,Our Academic,Books,Academic,1525.7
342,Position Mobile,Electronics,Mobiles,1674.22
343,During Mobile,Electronics,Mobiles,320.18
344,Pick Fiction,Books,Fiction,858.46
345,Each Kid,Clothing,Kids,1865.79
346,During Kitchen,Home,Kitchen,504.53
347,  Right Furniture  ,Home,Furniture,1253.08
348,Agree Footwear,Clothing,Footwear,1408.88
349,Her Laptop,Electronics,Laptops,269.74
350,Base Winterwear,Clothing,Winterwear,23.53
351,Rise Kitchen,Home,Kitchen,847.52
352,STATE FOOTWEAR,Clothing,Footwear,769.22
353,Me Mobile,Electronics,Mobiles,1762.57
354,Center Footwear,Clothing,Footwear,1507.55
355,  Morning Women  ,Clothing,Women,1128.77
356,Throughout Footwear,Clothing,Footwear,430.05
357,Point Footwear,Clothing,Footwear,887.56
358,Manager Men,Clothing,Men,284.33
359,Seem Audio,Electronics,Audio,706.31
360,Rate Academic,Books,Academic,499.33
361,Hour Laptop,Electronics,Laptops,1202.02
362,Create Kitchen,Home,Kitchen,1318.52
363,Together Furniture,Home,Furniture,1021.5
364,Impact Academic,Books,Academic,1568.68
365,Million Footwear,Clothing,Footwear,485.96
366,Matter Audio,Electronics,Audio,29.07
367,CERTAIN DECOR,Home,Decor,1722.32
368,Common Academic,Books,Academic,349.68
369,  Data Fiction  ,Books,Fiction,139.73
370,  Draw Furniture  ,Home,Furniture,125.64
371,Alone Children,Books,Children,1426.7
372,Issue Comic,Books,Comics,169.44
373,SOUTH KID,Clothing,Kids,162.65
374,Administration Women,Clothing,Women,784.51
375,Wish Accessorie,Electronics,Accessories,1461.27
376,Expect Men,Clothing,Men,1849.63
377,Itself Camera,Electronics,Cameras,114.78
378,  Doctor Men  ,Clothing,Men,278.74
379,Situation Laptop,Electronics,Laptops,696.68
380,Remain Furniture,Home,Furniture,1500.8
381,Degree Kitchen,Home,Kitchen,63.57
382,Sometimes Academic,Books,Academic,529.58
383,Democratic Camera,Electronics,Cameras,723.45
384,Attorney Children,Books,Children,318.83
385,Cost Audio,Electronics,Audio,235.09
386,Within Mobile,Electronics,Mobiles,29.51
387,Leg Camera,Electronics,Cameras,1840.85
388,Trial Men,Clothing,Men,1828.33
389,Practice Non-Fiction,Books,Non-Fiction,835.43
390,Might Decor,Home,Decor,1145.21
391,Rise Audio,Electronics,Audio,110.08
392,Garden Winterwear,Clothing,Winterwear,1908.39
393,Trial Camera,Electronics,Cameras,1548.19
394,LOT DECOR,Home,Decor,916.21
395,Very Furniture,Home,Furniture,1570.09
396,Employee Footwear,Clothing,Footwear,1943.86
397,Late Winterwear,Clothing,Winterwear,494.03
398,  Interview Camera  ,Electronics,Cameras,1085.38
399,  Stand Accessorie  ,Electronics,Accessories,1316.32
400,Analysis Kitchen,Home,Kitchen,1966.32
401,Political Comic,Books,Comics,1945.26
402,SIMPLE KID,Clothing,Kids,1842.94
403,Thank Academic,Books,Academic,1497.06
404,HUSBAND AUDIO,Electronics,Audio,1640.83
405,Service Audio,Electronics,Audio,872.79
406,Form Women,Clothing,Women,1702.57
407,Indeed Academic,Books,Academic,547.55
408,POPULATION LAPTOP,Electronics,Laptops,1541.44
409,WRONG LAPTOP,Electronics,Laptops,901.89
410,SITUATION BEDDING,Home,Bedding,719.78
411,Owner Footwear,Clothing,Footwear,533.69
412,Phone Mobile,Electronics,Mobiles,1373.68
413,Not Laptop,Electronics,Laptops,658.95
414,Network Laptop,Electronics,Laptops,795.51
415,Put Accessorie,Electronics,Accessories,1981.4
416,Type Camera,Electronics,Cameras,1114.13
417,Sea Men,Clothing,Men,1608.77
418,  Stop Men  ,Clothing,Men,1661.59
419,American Women,Clothing,Women,804.16
420,Near Audio,Electronics,Audio,1835.27
421,Boy Mobile,Electronics,Mobiles,399.51
422,LIVE NON-FICTION,Books,Non-Fiction,1695.31
423,  Loss Kitchen  ,Home,Kitchen,924.68
424,The Winterwear,Clothing,Winterwear,1450.24
425,Understand Fiction,Books,Fiction,856.19
426,And Furniture,Home,Furniture,553.59
427,  Understand Non-Fiction  ,Books,Non-Fiction,1240.26
428,Else Kid,Clothing,Kids,1766.14
429,NATURAL FICTION,Books,Fiction,769.12
430,Note Non-Fiction,Books,Non-Fiction,1595.41
431,Individual Winterwear,Clothing,Winterwear,1978.86
432,Simple Bedding,Home,Bedding,971.94
433,Among Bedding,Home,Bedding,57.0
434,Open Men,Clothing,Men,1558.18
435,Impact Camera,Electronics,Cameras,1534.85
436,NAME WOMEN,Clothing,Women,1315.44
437,Southern Storage,Home,Storage,1834.93
438,Professor Laptop,Electronics,Laptops,1965.42
439,Appear Academic,Books,Academic,1983.13
440,Customer Women,Clothing,Women,639.42
441,  Film Storage  ,Home,Storage,1402.62
442,Less Winterwear,Clothing,Winterwear,1674.21
443,Information Children,Books,Children,983.42
444,Usually Mobile,Electronics,Mobiles,441.52
445,Fly Fiction,Books,Fiction,1230.2
446,Staff Kid,Clothing,Kids,1837.97
447,  Their Kitchen  ,Home,Kitchen,1175.29
448,Feeling Men,Clothing,Men,1722.04
449,Main Accessorie,Electronics,Accessories,1325.97
450,Compare Accessorie,Electronics,Accessories,277.22
451,Knowledge Footwear,Clothing,Footwear,1921.52
452,Financial Furniture,Home,Furniture,1126.14
453,Position Furniture,Home,Furniture,1629.84
454,Wide Academic,Books,Academic,592.56
455,Arm Men,Clothing,Men,1897.65
456,  Road Children  ,Books,Children,1206.77
457,NATION WINTERWEAR,Clothing,Winterwear,994.89
458,Well Kitchen,Home,Kitchen,1964.85
459,Change Men,Clothing,Men,1341.7
460,  Major Bedding  ,Home,Bedding,423.32
461,Themselves Accessorie,Electronics,Accessories,220.53
462,Race Mobile,Electronics,Mobiles,1466.51
463,Live Footwear,Clothing,Footwear,760.53
464,Believe Fiction,Books,Fiction,1578.52
465,Seven Women,Clothing,Women,1599.39
466,  Month Accessorie  ,Electronics,Accessories,525.95
467,Budget Mobile,Electronics,Mobiles,1776.42
468,Couple Men,Clothing,Men,1796.76
469,Start Accessorie,Electronics,Accessories,1229.22
470,Pay Fiction,Books,Fiction,1309.0
471,  Writer Non-Fiction  ,Books,Non-Fiction,665.53
472,Wall Footwear,Clothing,Footwear,1445.47
473,Safe Decor,Home,Decor,196.35
474,Office Children,Books,Children,984.44
475,  Central Accessorie  ,Electronics,Accessories,179.82
476,INCREASE NON-FICTION,Books,Non-Fiction,417.87
477,Job Kitchen,Home,Kitchen,235.44
478,Game Comic,Books,Comics,1323.77
479,Little Audio,Electronics,Audio,745.19
480,Ago Academic,Books,Academic,94.01
481,Country Comic,Books,Comics,1674.97
482,Long Laptop,Electronics,Laptops,1336.6
483,Performance Accessorie,Electronics,Accessories,830.9
484,  Watch Winterwear  ,Clothing,Winterwear,777.28
485,Seem Children,Books,Children,1873.04
486,War Footwear,Clothing,Footwear,792.63
487,Defense Audio,Electronics,Audio,1036.05
488,Us Men,Clothing,Men,900.83
489,Look Women,Clothing,Women,256.74
490,Believe Fiction,Books,Fiction,873.61
491,Enough Winterwear,Clothing,Winterwear,1822.05
492,Game Mobile,Electronics,Mobiles,797.72
493,Role Decor,Home,Decor,1834.74
494,Range Audio,Electronics,Audio,1564.46
495,WHAT CAMERA,Electronics,Cameras,1135.35
496,Seek Mobile,Electronics,Mobiles,206.48
497,Style Storage,Home,Storage,1756.4
498,Common Bedding,Home,Bedding,1146.19
499,Serious Fiction,Books,Fiction,808.93
500,Significant Fiction,Books,Fiction,1758.52
501,Candidate Men,Clothing,Men,1842.07
502,Benefit Kitchen,Home,Kitchen,1588.34
503,Build Decor,Home,Decor,1717.18
504,SEAT LAPTOP,Electronics,Laptops,1948.57
505,Listen Academic,Books,Academic,836.46
506,Protect Laptop,Electronics,Laptops,1827.3
507,Him Comic,Books,Comics,1735.04
508,Bed Audio,Electronics,Audio,135.91
509,Need Non-Fiction,Books,Non-Fiction,1050.95
510,Second Laptop,Electronics,Laptops,1666.7
511,  If Laptop  ,Electronics,Laptops,105.87
512,Short Furniture,Home,Furniture,1647.9
513,Strong Fiction,Books,Fiction,487.67
514,Much Children,Books,Children,1921.24
515,Population Children,Books,Children,691.78
516,Collection Kitchen,Home,Kitchen,776.2
517,Human Winterwear,Clothing,Winterwear,432.57
518,Oil Women,Clothing,Women,541.82
519,  Husband Children  ,Books,Children,1561.71
520,Animal Camera,Electronics,Cameras,1296.51
521,Special Laptop,Electronics,Laptops,1611.15
522,Conference Decor,Home,Decor,756.07
523,While Bedding,Home,Bedding,936.06
524,GOVERNMENT CHILDREN,Books,Children,1025.47
525,Others Storage,Home,Storage,1220.05
526,Try Kitchen,Home,Kitchen,675.89
527,Receive Decor,Home,Decor,525.99
528,TRAVEL FURNITURE,Home,Furniture,1532.12
529,Citizen Audio,Electronics,Audio,642.57
530,Commercial Men,Clothing,Men,1994.95
531,Trouble Bedding,Home,Bedding,1474.78
532,Check Kid,Clothing,Kids,448.61
533,Country Academic,Books,Academic,1691.61
534,SPECIFIC KID,Clothing,Kids,260.25
535,Seem Storage,Home,Storage,370.22
536,Approach Kitchen,Home,Kitchen,450.54
537,Kind Bedding,Home,Bedding,665.98
538,Foot Storage,Home,Storage,1703.17
539,For Fiction,Books,Fiction,1169.23
540,Show Camera,Electronics,Cameras,1003.45
541,Specific Children,Books,Children,112.85
542,Like Women,Clothing,Women,688.63
543,Fight Non-Fiction,Books,Non-Fiction,1432.76
544,Produce Camera,Electronics,Cameras,1973.35
545,  Course Kitchen  ,Home,Kitchen,550.69
546,Buy Winterwear,Clothing,Winterwear,981.71
547,Way Laptop,Electronics,Laptops,1268.81
548,Catch Comic,Books,Comics,769.72
549,Degree Audio,Electronics,Audio,749.34
550,About Accessorie,Electronics,Accessories,1064.41
